Timestamp, Event, Value
0,769,Accelerate,1
0,785,Accelerate,1
0,804,Accelerate,1
0,822,Accelerate,1
0,840,Turn Right,1
0,840,Accelerate,1
0,855,Turn Right,1
0,856,Accelerate,1
0,872,Turn Right,1
0,872,Accelerate,1
0,889,Turn Right,1
0,890,Accelerate,1
0,906,Turn Right,1
0,907,Accelerate,1
0,922,Turn Right,1
0,922,Accelerate,1
0,937,Turn Right,1
0,937,Accelerate,1
0,952,Turn Right,1
0,952,Accelerate,1
0,967,Turn Right,1
0,968,Accelerate,1
0,982,Turn Right,1
0,982,Accelerate,1
0,997,Turn Right,1
0,997,Accelerate,1
1,017,Turn Right,1
1,017,Accelerate,1
1,026,Turn Right,1
1,026,Accelerate,1
1,040,Turn Right,1
1,040,Accelerate,1
1,055,Turn Right,1
1,055,Accelerate,1
1,073,Turn Right,1
1,073,Accelerate,1
1,089,Turn Right,1
1,090,Accelerate,1
1,106,Turn Right,1
1,106,Accelerate,1
1,122,Turn Right,1
1,123,Accelerate,1
1,140,Accelerate,1
1,157,Turn Left,1
1,157,Accelerate,1
1,172,Turn Left,1
1,172,Accelerate,1
1,189,Turn Left,1
1,189,Accelerate,1
1,206,Turn Left,1
1,206,Accelerate,1
1,223,Turn Left,1
1,223,Accelerate,1
1,238,Turn Left,1
1,239,Accelerate,1
1,256,Turn Left,1
1,256,Accelerate,1
1,272,Turn Left,1
1,273,Accelerate,1
1,290,Turn Left,1
1,290,Accelerate,1
1,306,Turn Left,1
1,306,Accelerate,1
1,323,Turn Left,1
1,323,Accelerate,1
1,339,Turn Left,1
1,339,Accelerate,1
1,356,Turn Left,1
1,356,Accelerate,1
1,372,Accelerate,1
1,390,Accelerate,1
1,407,Accelerate,1
1,422,Accelerate,1
1,439,Accelerate,1
1,456,Accelerate,1
1,472,Accelerate,1
1,490,Accelerate,1
1,506,Accelerate,1
1,522,Accelerate,1
1,539,Accelerate,1
1,556,Accelerate,1
1,573,Turn Right,1
1,573,Accelerate,1
1,589,Turn Right,1
1,589,Accelerate,1
1,607,Turn Left,1
1,607,Accelerate,1
1,622,Turn Left,1
1,622,Accelerate,1
1,640,Turn Left,1
1,640,Accelerate,1
1,655,Turn Left,1
1,655,Accelerate,1
1,672,Turn Left,1
1,672,Accelerate,1
1,689,Turn Left,1
1,689,Accelerate,1
1,706,Turn Left,1
1,707,Accelerate,1
1,722,Turn Left,1
1,723,Accelerate,1
1,739,Turn Left,1
1,739,Accelerate,1
1,756,Turn Left,1
1,757,Accelerate,1
1,772,Turn Left,1
1,772,Accelerate,1
1,789,Turn Left,1
1,789,Accelerate,1
1,807,Turn Left,1
1,807,Accelerate,1
1,822,Turn Left,1
1,822,Accelerate,1
1,840,Accelerate,1
1,856,Accelerate,1
1,872,Accelerate,1
1,890,Accelerate,1
1,907,Accelerate,1
1,922,Accelerate,1
1,939,Accelerate,1
1,956,Accelerate,1
1,972,Accelerate,1
1,990,Accelerate,1
2,007,Accelerate,1
2,023,Turn Right,1
2,023,Accelerate,1
2,039,Turn Right,1
2,039,Accelerate,1
2,055,Turn Right,1
2,055,Accelerate,1
2,072,Turn Right,1
2,073,Accelerate,1
2,090,Turn Right,1
2,090,Accelerate,1
2,107,Turn Right,1
2,107,Accelerate,1
2,122,Turn Right,1
2,122,Accelerate,1
2,139,Turn Right,1
2,139,Accelerate,1
2,156,Turn Right,1
2,157,Accelerate,1
2,173,Turn Right,1
2,173,Accelerate,1
2,190,Turn Right,1
2,190,Accelerate,1
2,206,Turn Right,1
2,206,Accelerate,1
2,222,Accelerate,1
2,239,Accelerate,1
2,255,Accelerate,1
2,273,Accelerate,1
2,289,Accelerate,1
2,306,Accelerate,1
2,322,Accelerate,1
2,340,Accelerate,1
2,355,Accelerate,1
2,373,Accelerate,1
2,390,Accelerate,1
2,406,Accelerate,1
2,423,Accelerate,1
2,440,Accelerate,1
2,456,Accelerate,1
2,472,Accelerate,1
2,489,Accelerate,1
2,506,Accelerate,1
2,523,Turn Right,1
2,523,Accelerate,1
2,540,Turn Right,1
2,540,Accelerate,1
2,556,Turn Right,1
2,556,Accelerate,1
2,572,Turn Right,1
2,572,Accelerate,1
2,590,Turn Right,1
2,590,Accelerate,1
2,606,Turn Right,1
2,606,Accelerate,1
2,623,Accelerate,1
2,639,Accelerate,1
2,656,Turn Left,1
2,656,Accelerate,1
2,673,Turn Left,1
2,673,Accelerate,1
2,689,Turn Left,1
2,689,Accelerate,1
2,706,Turn Left,1
2,706,Accelerate,1
2,723,Turn Left,1
2,723,Accelerate,1
2,739,Turn Left,1
2,739,Accelerate,1
2,755,Turn Left,1
2,756,Accelerate,1
2,773,Turn Left,1
2,773,Accelerate,1
2,789,Turn Left,1
2,789,Accelerate,1
2,806,Turn Left,1
2,806,Accelerate,1
2,823,Turn Left,1
2,823,Accelerate,1
2,840,Accelerate,1
2,856,Accelerate,1
2,872,Accelerate,1
2,889,Accelerate,1
2,906,Accelerate,1
2,923,Accelerate,1
2,939,Accelerate,1
2,956,Accelerate,1
2,973,Accelerate,1
2,989,Accelerate,1
3,006,Accelerate,1
3,023,Accelerate,1
3,039,Accelerate,1
3,056,Accelerate,1
3,073,Accelerate,1
3,089,Accelerate,1
3,106,Accelerate,1
3,123,Accelerate,1
3,139,Accelerate,1
3,156,Accelerate,1
3,173,Accelerate,1
3,189,Accelerate,1
3,207,Accelerate,1
3,223,Accelerate,1
3,240,Turn Right,1
3,240,Accelerate,1
3,256,Turn Right,1
3,256,Accelerate,1
3,272,Turn Right,1
3,273,Accelerate,1
3,288,Turn Right,1
3,289,Accelerate,1
3,305,Turn Right,1
3,306,Accelerate,1
3,323,Turn Right,1
3,323,Accelerate,1
3,339,Turn Right,1
3,340,Accelerate,1
3,356,Turn Right,1
3,356,Accelerate,1
3,373,Turn Right,1
3,373,Accelerate,1
3,390,Turn Right,1
3,390,Accelerate,1
3,406,Accelerate,1
3,423,Accelerate,1
3,439,Accelerate,1
3,456,Accelerate,1
3,473,Accelerate,1
3,488,Accelerate,1
3,506,Accelerate,1
3,522,Accelerate,1
3,539,Accelerate,1
3,555,Accelerate,1
3,572,Accelerate,1
3,589,Accelerate,1
3,606,Accelerate,1
3,622,Accelerate,1
3,639,Accelerate,1
3,656,Turn Left,1
3,656,Accelerate,1
3,673,Turn Left,1
3,673,Accelerate,1
3,689,Turn Left,1
3,689,Accelerate,1
3,706,Turn Left,1
3,706,Accelerate,1
3,723,Turn Left,1
3,723,Accelerate,1
3,738,Turn Left,1
3,738,Accelerate,1
3,756,Turn Left,1
3,756,Accelerate,1
3,772,Turn Left,1
3,773,Accelerate,1
3,795,Turn Left,1
3,795,Accelerate,1
3,808,Turn Left,1
3,808,Accelerate,1
3,824,Turn Left,1
3,824,Accelerate,1
3,839,Accelerate,1
3,855,Accelerate,1
3,872,Accelerate,1
3,889,Accelerate,1
3,905,Accelerate,1
3,924,Accelerate,1
3,939,Accelerate,1
3,956,Accelerate,1
3,973,Accelerate,1
3,990,Accelerate,1
4,006,Accelerate,1
4,023,Accelerate,1
4,039,Accelerate,1
4,056,Accelerate,1
4,073,Accelerate,1
4,089,Accelerate,1
4,106,Accelerate,1
4,123,Accelerate,1
4,138,Accelerate,1
4,156,Accelerate,1
4,172,Accelerate,1
4,190,Accelerate,1
4,206,Accelerate,1
4,223,Accelerate,1
4,239,Accelerate,1
4,256,Accelerate,1
4,272,Accelerate,1
4,289,Accelerate,1
4,306,Accelerate,1
4,323,Accelerate,1
4,339,Accelerate,1
4,356,Accelerate,1
4,373,Accelerate,1
4,389,Accelerate,1
4,407,Accelerate,1
4,423,Accelerate,1
4,439,Accelerate,1
4,456,Accelerate,1
4,473,Accelerate,1
4,489,Accelerate,1
4,506,Accelerate,1
4,523,Accelerate,1
4,539,Accelerate,1
4,556,Accelerate,1
4,572,Accelerate,1
4,589,Accelerate,1
4,606,Accelerate,1
4,623,Accelerate,1
4,639,Accelerate,1
4,656,Accelerate,1
4,673,Accelerate,1
4,689,Accelerate,1
4,705,Accelerate,1
4,722,Accelerate,1
4,739,Turn Right,1
4,739,Accelerate,1
4,755,Turn Right,1
4,756,Accelerate,1
4,773,Turn Right,1
4,773,Accelerate,1
4,790,Turn Right,1
4,790,Accelerate,1
4,806,Turn Right,1
4,806,Accelerate,1
4,823,Turn Right,1
4,823,Accelerate,1
4,838,Turn Right,1
4,839,Accelerate,1
4,856,Turn Right,1
4,856,Accelerate,1
4,873,Turn Right,1
4,873,Accelerate,1
4,890,Accelerate,1
4,907,Accelerate,1
4,923,Accelerate,1
4,940,Accelerate,1
4,955,Accelerate,1
4,973,Accelerate,1
4,989,Accelerate,1
5,005,Accelerate,1
5,023,Accelerate,1
5,040,Accelerate,1
5,056,Accelerate,1
5,073,Accelerate,1
5,090,Accelerate,1
5,106,Accelerate,1
5,123,Accelerate,1
5,140,Accelerate,1
5,155,Accelerate,1
5,173,Accelerate,1
5,190,Accelerate,1
5,206,Accelerate,1
5,222,Accelerate,1
5,240,Accelerate,1
5,255,Accelerate,1
5,273,Accelerate,1
5,288,Turn Left,1
5,288,Accelerate,1
5,306,Turn Left,1
5,306,Accelerate,1
5,322,Turn Left,1
5,323,Accelerate,1
5,339,Turn Left,1
5,339,Accelerate,1
5,355,Turn Left,1
5,355,Accelerate,1
5,372,Turn Left,1
5,372,Accelerate,1
5,389,Turn Left,1
5,389,Accelerate,1
5,405,Turn Left,1
5,405,Accelerate,1
5,423,Turn Left,1
5,423,Accelerate,1
5,439,Turn Left,1
5,439,Accelerate,1
5,455,Turn Left,1
5,455,Accelerate,1
5,474,Accelerate,1
5,490,Accelerate,1
5,506,Accelerate,1
5,523,Accelerate,1
5,539,Accelerate,1
5,556,Accelerate,1
5,572,Accelerate,1
5,589,Accelerate,1
5,606,Accelerate,1
5,623,Accelerate,1
5,639,Accelerate,1
5,656,Accelerate,1
5,673,Accelerate,1
5,690,Accelerate,1
5,705,Accelerate,1
5,723,Accelerate,1
5,740,Accelerate,1
5,756,Accelerate,1
5,772,Accelerate,1
5,795,Accelerate,1
5,809,Accelerate,1
5,822,Accelerate,1
5,839,Accelerate,1
5,856,Accelerate,1
5,873,Accelerate,1
5,889,Accelerate,1
5,906,Accelerate,1
5,923,Accelerate,1
5,940,Accelerate,1
5,956,Accelerate,1
5,973,Accelerate,1
5,990,Accelerate,1
6,006,Accelerate,1
6,022,Accelerate,1
6,039,Accelerate,1
6,056,Accelerate,1
6,073,Accelerate,1
6,089,Accelerate,1
6,106,Accelerate,1
6,124,Accelerate,1
6,139,Accelerate,1
6,155,Accelerate,1
6,173,Accelerate,1
6,190,Accelerate,1
6,206,Accelerate,1
6,223,Accelerate,1
6,239,Accelerate,1
6,256,Accelerate,1
6,272,Accelerate,1
6,290,Accelerate,1
6,306,Accelerate,1
6,322,Accelerate,1
6,338,Accelerate,1
6,356,Accelerate,1
6,372,Accelerate,1
6,390,Accelerate,1
6,405,Turn Left,1
6,406,Accelerate,1
6,423,Turn Left,1
6,423,Accelerate,1
6,439,Turn Left,1
6,440,Accelerate,1
6,455,Turn Left,1
6,455,Accelerate,1
6,472,Turn Left,1
6,472,Accelerate,1
6,491,Bullet Fired,1
6,492,Turn Left,1
6,492,Accelerate,1
6,506,Turn Left,1
6,506,Accelerate,1
6,523,Turn Left,1
6,539,Turn Left,1
6,556,Turn Left,1
6,573,Turn Left,1
6,589,Bullet Fired,1
6,590,Turn Left,1
6,606,Turn Left,1
6,622,Turn Left,1
6,640,Turn Left,1
6,656,Turn Left,1
6,672,Turn Left,1
6,689,Bullet Fired,1
6,689,Turn Left,1
6,706,Turn Left,1
6,723,Turn Left,1
6,739,Turn Left,1
6,756,Turn Left,1
6,772,Turn Left,1
6,789,Bullet Fired,1
6,789,Turn Left,1
6,805,Turn Left,1
6,824,Turn Left,1
6,838,Turn Left,1
6,856,Turn Left,1
6,873,Turn Left,1
6,890,Bullet Fired,1
6,989,Bullet Fired,1
7,090,Bullet Fired,1
7,141,Turn Left,1
7,156,Turn Left,1
7,173,Turn Left,1
7,190,Bullet Fired,1
7,190,Turn Left,1
7,205,Turn Left,1
7,222,Turn Left,1
7,239,Turn Left,1
7,256,Turn Left,1
7,273,Turn Left,1
7,290,Bullet Fired,1
7,291,Turn Left,1
7,305,Turn Left,1
7,323,Turn Left,1
7,339,Turn Left,1
7,356,Turn Left,1
7,372,Turn Left,1
7,390,Bullet Fired,1
7,390,Turn Left,1
7,406,Turn Left,1
7,423,Turn Left,1
7,489,Bullet Fired,1
7,591,Bullet Fired,1
7,690,Enemy hit,83
7,694,Bullet Fired,1
7,773,Bullet Missed,1
7,789,Enemy hit,83
7,790,Bullet Fired,1
7,807,Bullet Missed,1
7,823,Bullet Missed,1
7,840,Turn Right,1
7,855,Turn Right,1
7,873,Turn Right,1
7,890,Bullet Fired,1
7,890,Turn Right,1
7,906,Turn Right,1
7,922,Turn Right,1
7,939,Bullet Missed,1
7,940,Turn Right,1
7,956,Turn Right,1
7,973,Turn Right,1
7,989,Bullet Fired,1
7,989,Turn Right,1
8,006,Turn Right,1
8,022,Turn Right,1
8,040,Turn Right,1
8,056,Turn Right,1
8,073,Turn Right,1
8,090,Bullet Fired,1
8,090,Turn Right,1
8,105,Turn Right,1
8,123,Turn Right,1
8,139,Bullet Missed,1
8,140,Turn Right,1
8,155,Turn Right,1
8,172,Turn Right,1
8,190,Bullet Fired,1
8,190,Turn Right,1
8,206,Turn Right,1
8,222,Turn Right,1
8,240,Turn Right,1
8,289,Bullet Missed,1
8,291,Bullet Fired,1
8,390,Bullet Missed,1
8,391,Bullet Fired,1
8,473,Turn Right,1
8,489,Bullet Fired,1
8,490,Turn Right,1
8,506,Turn Right,1
8,522,Turn Right,1
8,539,Turn Right,1
8,556,Bullet Missed,1
8,556,Turn Right,1
8,572,Turn Right,1
8,590,Bullet Fired,1
8,590,Turn Right,1
8,606,Turn Right,1
8,622,Turn Right,1
8,640,Turn Right,1
8,656,Turn Right,1
8,673,Turn Right,1
8,689,Bullet Fired,1
8,690,Turn Right,1
8,756,Enemy hit,1250
8,790,Bullet Fired,1
8,890,Bullet Fired,1
8,990,Bullet Missed,1
8,991,Bullet Fired,1
9,039,Turn Left,1
9,056,Turn Left,1
9,073,Turn Left,1
9,090,Bullet Fired,1
9,090,Turn Left,1
9,107,Turn Left,1
9,123,Turn Left,1
9,139,Turn Left,1
9,156,Turn Left,1
9,173,Turn Left,1
9,191,Bullet Fired,1
9,289,Bullet Fired,1
9,390,Bullet Fired,1
9,491,Bullet Fired,1
9,523,Enemy hit,316
9,524,Enemy killed,1
9,589,Bullet Fired,1
9,672,Bullet Missed,1
9,690,Bullet Fired,1
9,723,Bullet Missed,1
9,773,Bullet Missed,1
9,790,Bullet Fired,1
9,872,Bullet Missed,1
9,889,Bullet Missed,1
9,890,Bullet Fired,1
9,939,Bullet Missed,1
9,939,Bullet Missed,1
9,940,Accelerate,1
9,956,Accelerate,1
9,973,Accelerate,1
9,990,Accelerate,1
10,006,Accelerate,1
10,023,Accelerate,1
10,039,Accelerate,1
10,055,Accelerate,1
10,073,Accelerate,1
10,089,Accelerate,1
10,106,Accelerate,1
10,122,Accelerate,1
10,140,Bullet Missed,1
10,140,Accelerate,1
10,156,Accelerate,1
10,172,Accelerate,1
10,189,Accelerate,1
10,206,Accelerate,1
10,223,Accelerate,1
10,238,Accelerate,1
10,256,Accelerate,1
10,272,Accelerate,1
10,288,Accelerate,1
10,306,Accelerate,1
10,323,Accelerate,1
10,339,Accelerate,1
10,356,Accelerate,1
10,373,Bullet Missed,1
10,373,Accelerate,1
10,390,Accelerate,1
10,406,Accelerate,1
10,424,Accelerate,1
10,442,Accelerate,1
10,457,Accelerate,1
10,473,Bullet Missed,1
10,474,Accelerate,1
10,489,Accelerate,1
10,507,Accelerate,1
10,524,Turn Left,1
10,524,Accelerate,1
10,540,Turn Left,1
10,540,Accelerate,1
10,556,Bullet Missed,1
10,556,Turn Left,1
10,556,Accelerate,1
10,573,Turn Left,1
10,573,Accelerate,1
10,588,Turn Left,1
10,588,Accelerate,1
10,606,Turn Left,1
10,606,Accelerate,1
10,622,Bullet Missed,1
10,623,Turn Left,1
10,623,Accelerate,1
10,639,Turn Left,1
10,640,Accelerate,1
10,656,Turn Left,1
10,656,Accelerate,1
10,672,Turn Left,1
10,672,Accelerate,1
10,689,Turn Left,1
10,689,Accelerate,1
10,706,Turn Left,1
10,706,Accelerate,1
10,722,Turn Left,1
10,722,Accelerate,1
10,740,Turn Left,1
10,740,Accelerate,1
10,756,Turn Left,1
10,756,Accelerate,1
10,772,Bullet Missed,1
10,772,Turn Left,1
10,772,Accelerate,1
10,790,Turn Left,1
10,790,Accelerate,1
10,806,Accelerate,1
10,823,Accelerate,1
10,839,Accelerate,1
10,856,Accelerate,1
10,873,Bullet Missed,1
10,874,Accelerate,1
10,889,Accelerate,1
10,906,Accelerate,1
10,923,Accelerate,1
10,939,Accelerate,1
10,955,Accelerate,1
10,972,Accelerate,1
10,989,Accelerate,1
11,006,Accelerate,1
11,022,Accelerate,1
11,038,Accelerate,1
11,056,Bullet Missed,1
11,056,Accelerate,1
11,073,Accelerate,1
11,089,Accelerate,1
11,106,Accelerate,1
11,123,Accelerate,1
11,140,Accelerate,1
11,156,Accelerate,1
11,172,Bullet Missed,1
11,173,Accelerate,1
11,190,Accelerate,1
11,205,Accelerate,1
11,223,Accelerate,1
11,239,Accelerate,1
11,256,Turn Right,1
11,256,Accelerate,1
11,272,Bullet Missed,1
11,272,Turn Right,1
11,272,Accelerate,1
11,289,Turn Right,1
11,289,Accelerate,1
11,306,Turn Right,1
11,306,Accelerate,1
11,323,Turn Right,1
11,323,Accelerate,1
11,339,Turn Right,1
11,340,Accelerate,1
11,356,Accelerate,1
11,372,Accelerate,1
11,390,Accelerate,1
11,405,Accelerate,1
11,422,Accelerate,1
11,440,Accelerate,1
11,473,Bullet Fired,1
11,490,Bullet Missed,1
11,573,Bullet Fired,1
11,656,Enemy hit,166
11,673,Bullet Fired,1
11,705,Bullet Missed,1
11,722,Enemy hit,133
11,723,Enemy killed,1
11,773,Bullet Fired,1
11,873,Bullet Fired,1
11,889,Bullet Missed,1
11,973,Bullet Fired,1
12,055,Bullet Missed,1
12,074,Bullet Fired,1
12,156,Accelerate,1
12,173,Accelerate,1
12,190,Accelerate,1
12,205,Bullet Missed,1
12,206,Turn Left,1
12,206,Accelerate,1
12,222,Turn Left,1
12,222,Accelerate,1
12,239,Turn Left,1
12,239,Accelerate,1
12,255,Turn Left,1
12,255,Accelerate,1
12,272,Turn Left,1
12,272,Accelerate,1
12,289,Turn Left,1
12,289,Accelerate,1
12,306,Turn Left,1
12,306,Accelerate,1
12,323,Turn Left,1
12,323,Accelerate,1
12,340,Accelerate,1
12,356,Accelerate,1
12,372,Accelerate,1
12,390,Accelerate,1
12,406,Accelerate,1
12,423,Accelerate,1
12,439,Accelerate,1
12,456,Accelerate,1
12,472,Accelerate,1
12,489,Accelerate,1
12,506,Accelerate,1
12,522,Accelerate,1
12,539,Accelerate,1
12,555,Accelerate,1
12,572,Accelerate,1
12,589,Accelerate,1
12,606,Accelerate,1
12,622,Accelerate,1
12,640,Accelerate,1
12,655,Accelerate,1
12,673,Accelerate,1
12,690,Accelerate,1
12,706,Accelerate,1
12,722,Accelerate,1
12,739,Accelerate,1
12,755,Accelerate,1
12,772,Accelerate,1
12,789,Accelerate,1
12,805,Accelerate,1
12,822,Accelerate,1
12,839,Accelerate,1
12,855,Accelerate,1
12,873,Accelerate,1
12,888,Accelerate,1
12,905,Accelerate,1
12,922,Accelerate,1
12,939,Accelerate,1
12,956,Turn Right,1
12,956,Accelerate,1
12,972,Turn Right,1
12,972,Accelerate,1
12,988,Turn Right,1
12,989,Accelerate,1
13,005,Turn Right,1
13,005,Accelerate,1
13,023,Turn Right,1
13,023,Accelerate,1
13,039,Turn Right,1
13,039,Accelerate,1
13,057,Accelerate,1
13,072,Accelerate,1
13,088,Accelerate,1
13,105,Accelerate,1
13,122,Accelerate,1
13,140,Accelerate,1
13,156,Accelerate,1
13,172,Accelerate,1
13,188,Accelerate,1
13,205,Accelerate,1
13,222,Accelerate,1
13,240,Accelerate,1
13,255,Accelerate,1
13,273,Accelerate,1
13,290,Accelerate,1
13,305,Accelerate,1
13,323,Accelerate,1
13,340,Accelerate,1
13,355,Accelerate,1
13,372,Turn Right,1
13,372,Accelerate,1
13,389,Turn Right,1
13,389,Accelerate,1
13,405,Turn Right,1
13,406,Accelerate,1
13,423,Turn Right,1
13,439,Turn Right,1
13,455,Turn Right,1
13,472,Turn Right,1
13,488,Turn Right,1
13,506,Turn Right,1
13,522,Turn Right,1
13,539,Turn Right,1
13,556,Turn Right,1
13,572,Turn Right,1
13,589,Turn Right,1
13,606,Turn Right,1
13,621,Turn Right,1
13,639,Turn Right,1
13,656,Turn Right,1
13,673,Turn Right,1
13,689,Bullet Missed,1
13,690,Turn Right,1
13,705,Turn Right,1
13,723,Turn Right,1
13,739,Turn Right,1
13,756,Turn Right,1
13,773,Turn Right,1
13,790,Turn Right,1
13,806,Turn Right,1
13,822,Turn Right,1
13,840,Turn Right,1
13,855,Turn Right,1
13,874,Bullet Fired,1
13,888,Bullet Missed,1
13,923,Turn Left,1
13,939,Turn Left,1
13,956,Turn Left,1
13,973,Bullet Fired,1
13,973,Turn Left,1
13,988,Turn Left,1
14,005,Turn Left,1
14,021,Turn Left,1
14,039,Turn Left,1
14,056,Turn Left,1
14,073,Bullet Missed,1
14,074,Bullet Fired,1
14,074,Turn Left,1
14,089,Turn Left,1
14,106,Turn Left,1
14,123,Turn Left,1
14,138,Turn Left,1
14,156,Turn Left,1
14,173,Bullet Fired,1
14,273,Bullet Missed,1
14,274,Bullet Fired,1
14,372,Bullet Fired,1
14,422,Turn Left,1
14,439,Turn Left,1
14,456,Bullet Missed,1
14,457,Turn Left,1
14,473,Bullet Fired,1
14,473,Turn Left,1
14,490,Turn Left,1
14,505,Turn Left,1
14,522,Turn Left,1
14,539,Turn Left,1
14,573,Bullet Fired,1
14,673,Bullet Fired,1
14,706,Turn Left,1
14,722,Turn Left,1
14,739,Turn Left,1
14,756,Turn Left,1
14,773,Bullet Fired,1
14,773,Turn Left,1
14,789,Turn Left,1
14,805,Turn Left,1
14,822,Turn Left,1
14,838,Turn Left,1
14,872,Bullet Fired,1
14,972,Bullet Fired,1
15,073,Bullet Fired,1
15,173,Bullet Fired,1
15,273,Bullet Fired,1
15,372,Bullet Fired,1
15,407,Accelerate,1
15,422,Accelerate,1
15,440,Accelerate,1
15,456,Accelerate,1
15,472,Accelerate,1
15,489,Accelerate,1
15,505,Accelerate,1
15,523,Accelerate,1
15,540,Accelerate,1
15,557,Accelerate,1
15,573,Accelerate,1
15,588,Accelerate,1
15,605,Bullet Missed,1
15,605,Accelerate,1
15,622,Accelerate,1
15,639,Accelerate,1
15,656,Accelerate,1
15,673,Accelerate,1
15,689,Accelerate,1
15,705,Accelerate,1
15,722,Accelerate,1
15,738,Accelerate,1
15,756,Accelerate,1
15,772,Accelerate,1
15,790,Accelerate,1
15,805,Accelerate,1
15,823,Accelerate,1
15,840,Accelerate,1
15,855,Accelerate,1
15,872,Enemy hit,483
15,872,Accelerate,1
15,889,Accelerate,1
15,905,Accelerate,1
15,922,Accelerate,1
15,940,Accelerate,1
15,957,Bullet Fired,1
15,957,Accelerate,1
15,973,Accelerate,1
16,005,Accelerate,1
16,010,Accelerate,1
16,024,Accelerate,1
16,039,Accelerate,1
16,057,Bullet Fired,1
16,057,Accelerate,1
16,072,Accelerate,1
16,088,Accelerate,1
16,106,Accelerate,1
16,123,Accelerate,1
16,139,Accelerate,1
16,156,Bullet Fired,1
16,156,Accelerate,1
16,172,Bullet Missed,1
16,173,Accelerate,1
16,188,Accelerate,1
16,223,Enemy hit,249
16,257,Bullet Fired,1
16,272,Turn Left,1
16,289,Enemy hit,216
16,290,Turn Left,1
16,290,Accelerate,1
16,290,Enemy killed,1
16,305,Turn Left,1
16,306,Accelerate,1
16,322,Accelerate,1
16,338,Accelerate,1
16,357,Bullet Fired,1
16,357,Accelerate,1
16,372,Accelerate,1
16,390,Turn Left,1
16,390,Accelerate,1
16,405,Turn Left,1
16,405,Accelerate,1
16,422,Turn Left,1
16,422,Accelerate,1
16,439,Turn Left,1
16,439,Accelerate,1
16,456,Bullet Fired,1
16,456,Turn Left,1
16,456,Accelerate,1
16,472,Turn Left,1
16,472,Accelerate,1
16,490,Turn Left,1
16,490,Accelerate,1
16,506,Accelerate,1
16,522,Accelerate,1
16,539,Accelerate,1
16,557,Bullet Fired,1
16,557,Accelerate,1
16,572,Accelerate,1
16,589,Accelerate,1
16,606,Accelerate,1
16,622,Accelerate,1
16,639,Accelerate,1
16,657,Bullet Fired,1
16,657,Accelerate,1
16,673,Accelerate,1
16,690,Accelerate,1
16,706,Accelerate,1
16,723,Accelerate,1
16,739,Accelerate,1
16,756,Accelerate,1
16,772,Accelerate,1
16,789,Accelerate,1
16,806,Accelerate,1
16,822,Accelerate,1
16,839,Accelerate,1
16,856,Accelerate,1
16,872,Accelerate,1
16,889,Accelerate,1
16,906,Accelerate,1
16,922,Bullet Missed,1
16,922,Accelerate,1
16,939,Accelerate,1
16,956,Accelerate,1
16,972,Accelerate,1
16,989,Accelerate,1
17,005,Accelerate,1
17,022,Accelerate,1
17,039,Turn Left,1
17,039,Accelerate,1
17,055,Turn Left,1
17,055,Accelerate,1
17,072,Turn Left,1
17,072,Accelerate,1
17,089,Turn Left,1
17,089,Accelerate,1
17,106,Turn Left,1
17,106,Accelerate,1
17,122,Bullet Missed,1
17,122,Turn Left,1
17,123,Accelerate,1
17,139,Bullet Missed,1
17,140,Turn Left,1
17,140,Accelerate,1
17,156,Damage taken,1
17,157,Turn Left,1
17,157,Accelerate,1
17,173,Turn Left,1
17,173,Accelerate,1
17,189,Turn Left,1
17,189,Accelerate,1
17,206,Turn Left,1
17,206,Accelerate,1
17,223,Turn Left,1
17,223,Accelerate,1
17,239,Turn Left,1
17,239,Accelerate,1
17,255,Turn Left,1
17,255,Accelerate,1
17,272,Turn Left,1
17,272,Accelerate,1
17,289,Turn Left,1
17,289,Accelerate,1
17,305,Accelerate,1
17,321,Accelerate,1
17,340,Accelerate,1
17,355,Accelerate,1
17,372,Accelerate,1
17,389,Accelerate,1
17,406,Accelerate,1
17,422,Accelerate,1
17,439,Accelerate,1
17,456,Accelerate,1
17,472,Accelerate,1
17,490,Accelerate,1
17,506,Accelerate,1
17,523,Accelerate,1
17,539,Bullet Missed,1
17,539,Accelerate,1
17,556,Accelerate,1
17,572,Accelerate,1
17,589,Turn Right,1
17,589,Accelerate,1
17,605,Turn Right,1
17,605,Accelerate,1
17,623,Turn Right,1
17,623,Accelerate,1
17,639,Turn Right,1
17,639,Accelerate,1
17,656,Turn Right,1
17,656,Accelerate,1
17,672,Turn Right,1
17,672,Accelerate,1
17,689,Turn Right,1
17,689,Accelerate,1
17,705,Turn Right,1
17,705,Accelerate,1
17,722,Turn Right,1
17,722,Accelerate,1
17,739,Bullet Missed,1
17,740,Turn Right,1
17,756,Turn Right,1
17,773,Turn Right,1
17,788,Turn Right,1
17,805,Turn Right,1
17,822,Turn Right,1
17,839,Turn Right,1
17,856,Turn Right,1
17,872,Turn Right,1
17,889,Turn Right,1
17,905,Turn Right,1
17,922,Turn Right,1
17,940,Turn Right,1
17,956,Turn Right,1
17,973,Turn Right,1
17,989,Turn Right,1
18,005,Turn Right,1
18,022,Bullet Missed,1
18,022,Turn Right,1
18,040,Turn Right,1
18,056,Turn Right,1
18,091,Bullet Fired,1
18,122,Bullet Missed,1
18,122,Bullet Missed,1
18,139,Bullet Missed,1
18,189,Bullet Fired,1
18,222,Bullet Missed,1
18,290,Bullet Fired,1
18,371,Bullet Missed,1
18,371,Bullet Missed,1
18,389,Bullet Fired,1
18,405,Bullet Missed,1
18,455,Turn Right,1
18,473,Turn Right,1
18,488,Bullet Missed,1
18,489,Bullet Fired,1
18,489,Turn Right,1
18,506,Turn Right,1
18,522,Turn Right,1
18,590,Bullet Fired,1
18,688,Enemy hit,83
18,690,Bullet Fired,1
18,772,Enemy hit,66
18,790,Bullet Fired,1
18,822,Bullet Missed,1
18,838,Bullet Missed,1
18,855,Enemy hit,50
18,856,Enemy killed,1
18,889,Bullet Fired,1
18,990,Bullet Fired,1
19,005,Bullet Missed,1
19,073,Turn Left,1
19,089,Bullet Fired,1
19,090,Turn Left,1
19,105,Turn Left,1
19,122,Turn Left,1
19,138,Turn Left,1
19,156,Turn Left,1
19,173,Turn Left,1
19,188,Bullet Missed,1
19,190,Bullet Fired,1
19,190,Turn Left,1
19,206,Turn Left,1
19,222,Turn Left,1
19,238,Turn Left,1
19,255,Turn Left,1
19,272,Turn Left,1
19,290,Turn Left,1
19,305,Turn Left,1
19,322,Turn Left,1
19,339,Bullet Missed,1
19,339,Turn Left,1
19,355,Turn Left,1
19,373,Turn Left,1
19,389,Turn Left,1
19,406,Turn Left,1
19,423,Turn Left,1
19,438,Turn Left,1
19,455,Turn Left,1
19,472,Bullet Fired,1
19,572,Bullet Fired,1
19,672,Bullet Fired,1
19,705,Bullet Missed,1
19,722,Bullet Missed,1
19,723,Turn Right,1
19,739,Turn Right,1
19,754,Bullet Missed,1
19,755,Turn Right,1
19,772,Bullet Fired,1
19,773,Turn Right,1
19,789,Turn Right,1
19,805,Bullet Missed,1
19,805,Turn Right,1
19,822,Bullet Missed,1
19,822,Bullet Missed,1
19,822,Turn Right,1
19,873,Bullet Fired,1
19,972,Bullet Fired,1
20,022,Bullet Missed,1
20,056,Bullet Missed,1
20,072,Bullet Fired,1
20,122,Turn Right,1
20,138,Turn Right,1
20,155,Turn Right,1
20,172,Bullet Fired,1
20,172,Turn Right,1
20,272,Bullet Fired,1
20,373,Bullet Fired,1
20,455,Accelerate,1
20,472,Enemy hit,283
20,473,Bullet Fired,1
20,473,Accelerate,1
20,489,Accelerate,1
20,506,Accelerate,1
20,522,Accelerate,1
20,540,Accelerate,1
20,555,Accelerate,1
20,573,Bullet Fired,1
20,573,Accelerate,1
20,590,Accelerate,1
20,606,Accelerate,1
20,622,Accelerate,1
20,639,Accelerate,1
20,656,Accelerate,1
20,673,Bullet Fired,1
20,673,Accelerate,1
20,690,Accelerate,1
20,705,Accelerate,1
20,722,Turn Left,1
20,722,Accelerate,1
20,738,Bullet Missed,1
20,739,Turn Left,1
20,739,Accelerate,1
20,755,Turn Left,1
20,755,Accelerate,1
20,773,Bullet Fired,1
20,773,Turn Left,1
20,773,Accelerate,1
20,789,Turn Left,1
20,789,Accelerate,1
20,805,Turn Left,1
20,805,Accelerate,1
20,822,Accelerate,1
20,838,Accelerate,1
20,855,Accelerate,1
20,872,Bullet Fired,1
20,873,Accelerate,1
20,890,Accelerate,1
20,906,Accelerate,1
20,922,Accelerate,1
20,939,Accelerate,1
20,955,Accelerate,1
20,973,Bullet Fired,1
20,973,Accelerate,1
20,989,Accelerate,1
21,005,Accelerate,1
21,023,Accelerate,1
21,039,Accelerate,1
21,056,Enemy hit,166
21,057,Accelerate,1
21,072,Bullet Missed,1
21,073,Bullet Fired,1
21,073,Accelerate,1
21,089,Accelerate,1
21,106,Accelerate,1
21,122,Enemy hit,133
21,122,Accelerate,1
21,122,Enemy killed,1
21,139,Accelerate,1
21,155,Turn Left,1
21,156,Accelerate,1
21,173,Bullet Fired,1
21,173,Turn Left,1
21,173,Accelerate,1
21,190,Accelerate,1
21,206,Bullet Missed,1
21,206,Accelerate,1
21,223,Accelerate,1
21,239,Bullet Missed,1
21,239,Accelerate,1
21,256,Accelerate,1
21,272,Bullet Fired,1
21,272,Accelerate,1
21,289,Accelerate,1
21,306,Accelerate,1
21,323,Accelerate,1
21,338,Accelerate,1
21,356,Accelerate,1
21,372,Bullet Fired,1
21,373,Accelerate,1
21,389,Accelerate,1
21,406,Accelerate,1
21,422,Accelerate,1
21,438,Accelerate,1
21,455,Accelerate,1
21,473,Bullet Fired,1
21,474,Accelerate,1
21,490,Accelerate,1
21,505,Accelerate,1
21,523,Accelerate,1
21,539,Accelerate,1
21,555,Bullet Missed,1
21,556,Accelerate,1
21,572,Bullet Fired,1
21,573,Accelerate,1
21,590,Accelerate,1
21,605,Accelerate,1
21,622,Accelerate,1
21,638,Accelerate,1
21,655,Accelerate,1
21,673,Accelerate,1
21,689,Accelerate,1
21,705,Accelerate,1
21,722,Turn Left,1
21,723,Accelerate,1
21,739,Turn Left,1
21,739,Accelerate,1
21,756,Turn Left,1
21,756,Accelerate,1
21,772,Turn Left,1
21,772,Accelerate,1
21,788,Turn Left,1
21,788,Accelerate,1
21,806,Turn Left,1
21,806,Accelerate,1
21,822,Turn Left,1
21,822,Accelerate,1
21,840,Turn Left,1
21,840,Accelerate,1
21,855,Turn Left,1
21,855,Accelerate,1
21,872,Turn Left,1
21,872,Accelerate,1
21,888,Turn Left,1
21,888,Accelerate,1
21,905,Turn Left,1
21,905,Accelerate,1
21,921,Turn Left,1
21,922,Accelerate,1
21,939,Turn Left,1
21,939,Accelerate,1
21,955,Turn Left,1
21,955,Accelerate,1
21,972,Accelerate,1
21,988,Accelerate,1
22,006,Accelerate,1
22,022,Accelerate,1
22,038,Accelerate,1
22,055,Accelerate,1
22,073,Accelerate,1
22,089,Accelerate,1
22,106,Accelerate,1
22,122,Accelerate,1
22,139,Accelerate,1
22,155,Accelerate,1
22,172,Accelerate,1
22,189,Accelerate,1
22,206,Accelerate,1
22,222,Accelerate,1
22,239,Accelerate,1
22,256,Accelerate,1
22,272,Accelerate,1
22,288,Accelerate,1
22,305,Accelerate,1
22,322,Accelerate,1
22,340,Accelerate,1
22,355,Accelerate,1
22,372,Accelerate,1
22,388,Accelerate,1
22,405,Bullet Missed,1
22,406,Accelerate,1
22,422,Accelerate,1
22,440,Turn Right,1
22,440,Accelerate,1
22,456,Damage taken,1
22,456,Turn Right,1
22,456,Accelerate,1
22,473,Turn Left,1
22,473,Accelerate,1
22,488,Turn Left,1
22,488,Accelerate,1
22,506,Turn Left,1
22,506,Accelerate,1
22,522,Turn Left,1
22,522,Accelerate,1
22,538,Turn Left,1
22,539,Accelerate,1
22,556,Turn Left,1
22,556,Accelerate,1
22,572,Turn Left,1
22,572,Accelerate,1
22,588,Turn Left,1
22,589,Accelerate,1
22,606,Turn Left,1
22,606,Accelerate,1
22,622,Turn Left,1
22,622,Accelerate,1
22,639,Turn Left,1
22,639,Accelerate,1
22,655,Turn Left,1
22,656,Accelerate,1
22,672,Accelerate,1
22,689,Accelerate,1
22,705,Accelerate,1
22,722,Accelerate,1
22,738,Accelerate,1
22,755,Accelerate,1
22,771,Bullet Missed,1
22,771,Accelerate,1
22,788,Accelerate,1
22,805,Accelerate,1
22,822,Accelerate,1
22,839,Accelerate,1
22,855,Accelerate,1
22,872,Bullet Missed,1
22,872,Bullet Missed,1
22,872,Bullet Missed,1
22,872,Accelerate,1
22,888,Bullet Missed,1
22,889,Accelerate,1
22,906,Bullet Missed,1
22,906,Bullet Missed,1
22,906,Accelerate,1
22,922,Accelerate,1
22,938,Accelerate,1
22,955,Accelerate,1
22,972,Bullet Missed,1
22,972,Accelerate,1
22,989,Accelerate,1
23,005,Accelerate,1
23,022,Accelerate,1
23,039,Accelerate,1
23,055,Accelerate,1
23,072,Accelerate,1
23,089,Accelerate,1
23,106,Accelerate,1
23,122,Accelerate,1
23,138,Accelerate,1
23,155,Accelerate,1
23,172,Accelerate,1
23,189,Turn Right,1
23,189,Accelerate,1
23,205,Turn Right,1
23,205,Accelerate,1
23,221,Bullet Missed,1
23,222,Turn Right,1
23,222,Accelerate,1
23,239,Turn Right,1
23,239,Accelerate,1
23,255,Turn Right,1
23,255,Accelerate,1
23,271,Turn Right,1
23,271,Accelerate,1
23,288,Turn Right,1
23,288,Accelerate,1
23,306,Turn Right,1
23,306,Accelerate,1
23,322,Turn Right,1
23,322,Accelerate,1
23,339,Turn Right,1
23,339,Accelerate,1
23,355,Turn Right,1
23,355,Accelerate,1
23,372,Turn Right,1
23,372,Accelerate,1
23,388,Turn Right,1
23,389,Accelerate,1
23,405,Turn Right,1
23,405,Accelerate,1
23,422,Turn Right,1
23,422,Accelerate,1
23,439,Turn Right,1
23,439,Accelerate,1
23,456,Turn Right,1
23,456,Accelerate,1
23,472,Turn Right,1
23,472,Accelerate,1
23,489,Turn Right,1
23,505,Turn Right,1
23,522,Turn Right,1
23,538,Bullet Missed,1
23,539,Turn Right,1
23,556,Turn Right,1
23,572,Turn Right,1
23,589,Turn Right,1
23,605,Turn Right,1
23,621,Turn Right,1
23,639,Turn Right,1
23,655,Turn Right,1
23,672,Turn Right,1
23,689,Turn Right,1
23,705,Turn Right,1
23,722,Turn Right,1
23,738,Turn Right,1
23,756,Turn Right,1
23,773,Bullet Missed,1
23,773,Turn Right,1
23,789,Turn Right,1
23,805,Turn Right,1
23,822,Bullet Fired,1
23,822,Turn Right,1
23,839,Turn Right,1
23,855,Bullet Missed,1
23,855,Turn Right,1
23,922,Bullet Fired,1
23,989,Turn Left,1
24,004,Turn Left,1
24,022,Bullet Fired,1
24,022,Turn Left,1
24,038,Bullet Missed,1
24,039,Turn Left,1
24,056,Bullet Missed,1
24,056,Turn Left,1
24,072,Turn Left,1
24,088,Turn Left,1
24,106,Turn Left,1
24,123,Bullet Fired,1
24,123,Turn Left,1
24,138,Turn Left,1
24,222,Bullet Fired,1
24,323,Bullet Fired,1
24,323,Turn Right,1
24,339,Turn Right,1
24,355,Turn Right,1
24,372,Turn Right,1
24,388,Turn Right,1
24,406,Turn Right,1
24,422,Bullet Fired,1
24,422,Turn Right,1
24,438,Turn Right,1
24,455,Turn Right,1
24,471,Turn Right,1
24,489,Turn Right,1
24,523,Bullet Fired,1
24,623,Bullet Fired,1
24,623,Turn Left,1
24,639,Turn Left,1
24,655,Turn Left,1
24,672,Enemy hit,233
24,672,Turn Left,1
24,688,Turn Left,1
24,705,Turn Left,1
24,722,Bullet Fired,1
24,722,Turn Left,1
24,738,Turn Left,1
24,756,Turn Left,1
24,772,Turn Left,1
24,789,Turn Left,1
24,806,Turn Left,1
24,823,Bullet Fired,1
24,823,Turn Left,1
24,839,Turn Left,1
24,856,Turn Left,1
24,872,Turn Left,1
24,890,Turn Left,1
24,905,Turn Left,1
24,922,Bullet Fired,1
24,922,Turn Left,1
24,938,Turn Left,1
24,955,Turn Left,1
24,973,Turn Left,1
24,989,Turn Left,1
25,005,Turn Left,1
25,023,Bullet Fired,1
25,023,Turn Left,1
25,039,Turn Left,1
25,122,Bullet Fired,1
25,223,Bullet Fired,1
25,288,Bullet Missed,1
25,305,Bullet Missed,1
25,306,Bullet Missed,1
25,323,Bullet Fired,1
25,373,Turn Left,1
25,388,Turn Left,1
25,405,Turn Left,1
25,422,Bullet Fired,1
25,423,Turn Left,1
25,439,Turn Left,1
25,455,Turn Left,1
25,473,Turn Left,1
25,488,Turn Left,1
25,505,Bullet Missed,1
25,506,Turn Left,1
25,522,Bullet Fired,1
25,522,Turn Left,1
25,538,Bullet Missed,1
25,539,Turn Left,1
25,555,Turn Left,1
25,572,Turn Left,1
25,588,Turn Left,1
25,605,Turn Left,1
25,622,Bullet Fired,1
25,656,Enemy hit,1316
25,722,Bullet Fired,1
25,789,Accelerate,1
25,805,Accelerate,1
25,822,Bullet Fired,1
25,822,Accelerate,1
25,839,Accelerate,1
25,855,Accelerate,1
25,872,Accelerate,1
25,889,Accelerate,1
25,905,Enemy hit,266
25,906,Accelerate,1
25,922,Accelerate,1
25,939,Accelerate,1
25,955,Accelerate,1
25,972,Accelerate,1
25,988,Accelerate,1
26,004,Bullet Missed,1
26,005,Accelerate,1
26,021,Bullet Missed,1
26,022,Enemy hit,283
26,022,Accelerate,1
26,022,Enemy killed,1
26,038,Accelerate,1
26,056,Accelerate,1
26,072,Accelerate,1
26,088,Accelerate,1
26,105,Accelerate,1
26,122,Accelerate,1
26,139,Accelerate,1
26,155,Accelerate,1
26,172,Accelerate,1
26,189,Accelerate,1
26,205,Accelerate,1
26,222,Accelerate,1
26,239,Accelerate,1
26,256,Accelerate,1
26,271,Accelerate,1
26,290,Accelerate,1
26,306,Accelerate,1
26,322,Accelerate,1
26,340,Accelerate,1
26,356,Accelerate,1
26,373,Accelerate,1
26,390,Accelerate,1
26,406,Accelerate,1
26,422,Accelerate,1
26,438,Accelerate,1
26,456,Accelerate,1
26,472,Accelerate,1
26,489,Accelerate,1
26,505,Accelerate,1
26,521,Accelerate,1
26,540,Accelerate,1
26,555,Accelerate,1
26,574,Accelerate,1
26,589,Bullet Missed,1
26,589,Accelerate,1
26,606,Accelerate,1
26,622,Accelerate,1
26,639,Accelerate,1
26,655,Accelerate,1
26,672,Accelerate,1
26,689,Accelerate,1
26,706,Accelerate,1
26,722,Accelerate,1
26,739,Accelerate,1
26,755,Accelerate,1
26,772,Accelerate,1
26,789,Accelerate,1
26,805,Accelerate,1
26,822,Accelerate,1
26,839,Accelerate,1
26,856,Accelerate,1
26,872,Accelerate,1
26,890,Accelerate,1
26,905,Accelerate,1
26,922,Accelerate,1
26,940,Turn Left,1
26,940,Accelerate,1
26,955,Turn Left,1
26,956,Accelerate,1
26,972,Turn Left,1
26,972,Accelerate,1
26,989,Turn Left,1
26,989,Accelerate,1
27,005,Turn Left,1
27,006,Accelerate,1
27,023,Turn Left,1
27,023,Accelerate,1
27,039,Turn Left,1
27,039,Accelerate,1
27,055,Turn Left,1
27,055,Accelerate,1
27,072,Turn Left,1
27,072,Accelerate,1
27,088,Turn Left,1
27,088,Accelerate,1
27,105,Turn Left,1
27,105,Accelerate,1
27,122,Bullet Missed,1
27,122,Turn Left,1
27,122,Accelerate,1
27,138,Turn Left,1
27,138,Accelerate,1
27,155,Accelerate,1
27,173,Accelerate,1
27,189,Accelerate,1
27,205,Accelerate,1
27,222,Accelerate,1
27,239,Accelerate,1
27,255,Accelerate,1
27,271,Accelerate,1
27,289,Accelerate,1
27,305,Accelerate,1
27,323,Accelerate,1
27,338,Accelerate,1
27,355,Accelerate,1
27,372,Accelerate,1
27,388,Accelerate,1
27,406,Accelerate,1
27,422,Accelerate,1
27,438,Accelerate,1
27,455,Accelerate,1
27,473,Accelerate,1
27,489,Accelerate,1
27,506,Accelerate,1
27,522,Accelerate,1
27,538,Accelerate,1
27,555,Accelerate,1
27,571,Accelerate,1
27,589,Accelerate,1
27,605,Accelerate,1
27,622,Accelerate,1
27,638,Accelerate,1
27,655,Accelerate,1
27,672,Turn Right,1
27,672,Accelerate,1
27,688,Turn Right,1
27,689,Accelerate,1
27,705,Turn Right,1
27,705,Accelerate,1
27,722,Bullet Missed,1
27,722,Turn Right,1
27,722,Accelerate,1
27,739,Turn Right,1
27,739,Accelerate,1
27,755,Turn Right,1
27,755,Accelerate,1
27,772,Turn Right,1
27,773,Accelerate,1
27,788,Turn Right,1
27,788,Accelerate,1
27,805,Turn Right,1
27,805,Accelerate,1
27,822,Turn Right,1
27,822,Accelerate,1
27,839,Turn Right,1
27,839,Accelerate,1
27,855,Turn Right,1
27,855,Accelerate,1
27,872,Turn Right,1
27,872,Accelerate,1
27,889,Turn Right,1
27,889,Accelerate,1
27,905,Turn Right,1
27,905,Accelerate,1
27,922,Turn Right,1
27,922,Accelerate,1
27,939,Turn Right,1
27,939,Accelerate,1
27,955,Turn Right,1
27,955,Accelerate,1
27,972,Turn Right,1
27,972,Accelerate,1
27,989,Turn Right,1
27,989,Accelerate,1
28,006,Bullet Fired,1
28,006,Turn Right,1
28,006,Accelerate,1
28,022,Turn Right,1
28,022,Accelerate,1
28,038,Turn Right,1
28,039,Accelerate,1
28,055,Turn Right,1
28,055,Accelerate,1
28,072,Turn Right,1
28,072,Accelerate,1
28,089,Turn Right,1
28,089,Accelerate,1
28,105,Bullet Missed,1
28,106,Bullet Fired,1
28,106,Turn Right,1
28,106,Accelerate,1
28,121,Turn Right,1
28,121,Accelerate,1
28,138,Turn Right,1
28,138,Accelerate,1
28,155,Turn Right,1
28,155,Accelerate,1
28,172,Accelerate,1
28,189,Accelerate,1
28,207,Bullet Fired,1
28,207,Accelerate,1
28,222,Accelerate,1
28,238,Accelerate,1
28,255,Accelerate,1
28,272,Accelerate,1
28,289,Accelerate,1
28,306,Bullet Fired,1
28,306,Accelerate,1
28,322,Accelerate,1
28,338,Accelerate,1
28,355,Accelerate,1
28,372,Accelerate,1
28,388,Accelerate,1
28,406,Bullet Fired,1
28,406,Accelerate,1
28,421,Accelerate,1
28,439,Accelerate,1
28,455,Accelerate,1
28,472,Accelerate,1
28,489,Accelerate,1
28,505,Bullet Fired,1
28,506,Accelerate,1
28,521,Accelerate,1
28,540,Accelerate,1
28,555,Accelerate,1
28,572,Accelerate,1
28,589,Accelerate,1
28,605,Bullet Fired,1
28,606,Accelerate,1
28,622,Accelerate,1
28,639,Accelerate,1
28,655,Accelerate,1
28,673,Accelerate,1
28,689,Accelerate,1
28,706,Bullet Fired,1
28,706,Accelerate,1
28,722,Accelerate,1
28,739,Accelerate,1
28,756,Accelerate,1
28,772,Accelerate,1
28,788,Accelerate,1
28,806,Accelerate,1
28,823,Turn Right,1
28,823,Accelerate,1
28,839,Bullet Missed,1
28,839,Turn Right,1
28,840,Accelerate,1
28,855,Bullet Missed,1
28,856,Turn Right,1
28,856,Accelerate,1
28,872,Turn Right,1
28,872,Accelerate,1
28,893,Turn Right,1
28,893,Accelerate,1
28,905,Turn Right,1
28,905,Accelerate,1
28,922,Turn Right,1
28,922,Accelerate,1
28,939,Bullet Missed,1
28,940,Turn Right,1
28,940,Accelerate,1
28,954,Turn Right,1
28,955,Accelerate,1
28,972,Turn Right,1
28,972,Accelerate,1
28,989,Turn Right,1
28,989,Accelerate,1
29,005,Turn Right,1
29,005,Accelerate,1
29,022,Bullet Missed,1
29,023,Accelerate,1
29,039,Accelerate,1
29,055,Accelerate,1
29,072,Accelerate,1
29,089,Accelerate,1
29,105,Accelerate,1
29,122,Accelerate,1
29,138,Accelerate,1
29,155,Accelerate,1
29,172,Accelerate,1
29,189,Accelerate,1
29,206,Accelerate,1
29,222,Accelerate,1
29,238,Accelerate,1
29,255,Accelerate,1
29,272,Turn Left,1
29,273,Accelerate,1
29,288,Turn Left,1
29,288,Accelerate,1
29,305,Turn Left,1
29,305,Accelerate,1
29,322,Turn Left,1
29,322,Accelerate,1
29,339,Turn Left,1
29,339,Accelerate,1
29,355,Bullet Missed,1
29,355,Bullet Missed,1
29,356,Turn Left,1
29,356,Accelerate,1
29,372,Turn Left,1
29,372,Accelerate,1
29,388,Turn Left,1
29,388,Accelerate,1
29,404,Turn Left,1
29,405,Accelerate,1
29,422,Turn Left,1
29,422,Accelerate,1
29,438,Turn Left,1
29,439,Accelerate,1
29,455,Turn Left,1
29,455,Accelerate,1
29,471,Turn Left,1
29,471,Accelerate,1
29,488,Turn Left,1
29,489,Accelerate,1
29,505,Turn Left,1
29,505,Accelerate,1
29,522,Accelerate,1
29,538,Accelerate,1
29,555,Accelerate,1
29,572,Accelerate,1
29,588,Accelerate,1
29,605,Accelerate,1
29,621,Bullet Missed,1
29,622,Accelerate,1
29,638,Accelerate,1
29,656,Accelerate,1
29,672,Accelerate,1
29,688,Accelerate,1
29,705,Accelerate,1
29,722,Accelerate,1
29,737,Accelerate,1
29,755,Accelerate,1
29,772,Accelerate,1
29,789,Accelerate,1
29,805,Accelerate,1
29,822,Accelerate,1
29,838,Bullet Missed,1
29,839,Accelerate,1
29,855,Accelerate,1
29,871,Accelerate,1
29,889,Accelerate,1
29,905,Accelerate,1
29,922,Accelerate,1
29,938,Accelerate,1
29,956,Accelerate,1
29,972,Turn Right,1
29,972,Accelerate,1
29,989,Turn Right,1
29,989,Accelerate,1
30,005,Bullet Missed,1
30,006,Turn Right,1
30,006,Accelerate,1
30,021,Turn Right,1
30,021,Accelerate,1
30,039,Turn Right,1
30,039,Accelerate,1
30,055,Turn Right,1
30,055,Accelerate,1
30,072,Turn Right,1
30,072,Accelerate,1
30,088,Turn Right,1
30,089,Accelerate,1
30,105,Turn Right,1
30,105,Accelerate,1
30,121,Turn Right,1
30,122,Accelerate,1
30,138,Turn Right,1
30,138,Accelerate,1
30,154,Bullet Missed,1
30,155,Turn Right,1
30,155,Accelerate,1
30,171,Turn Right,1
30,172,Accelerate,1
30,189,Turn Right,1
30,189,Accelerate,1
30,205,Turn Right,1
30,205,Accelerate,1
30,222,Turn Right,1
30,222,Accelerate,1
30,238,Turn Right,1
30,238,Accelerate,1
30,255,Accelerate,1
30,271,Bullet Missed,1
30,272,Accelerate,1
30,288,Accelerate,1
30,307,Accelerate,1
30,322,Accelerate,1
30,339,Accelerate,1
30,355,Accelerate,1
30,371,Accelerate,1
30,389,Bullet Missed,1
30,389,Accelerate,1
30,405,Accelerate,1
30,422,Accelerate,1
30,438,Accelerate,1
30,455,Bullet Missed,1
30,456,Accelerate,1
30,472,Accelerate,1
30,488,Accelerate,1
30,505,Accelerate,1
30,520,Bullet Missed,1
30,521,Accelerate,1
30,539,Turn Left,1
30,539,Accelerate,1
30,555,Turn Left,1
30,555,Accelerate,1
30,571,Turn Left,1
30,572,Accelerate,1
30,588,Turn Left,1
30,589,Accelerate,1
30,605,Turn Left,1
30,605,Accelerate,1
30,622,Turn Left,1
30,622,Accelerate,1
30,638,Turn Left,1
30,638,Accelerate,1
30,655,Turn Left,1
30,655,Accelerate,1
30,672,Turn Left,1
30,672,Accelerate,1
30,688,Accelerate,1
30,705,Accelerate,1
30,721,Accelerate,1
30,738,Accelerate,1
30,754,Accelerate,1
30,772,Accelerate,1
30,789,Accelerate,1
30,805,Accelerate,1
30,822,Accelerate,1
30,839,Accelerate,1
30,855,Accelerate,1
30,872,Accelerate,1
30,889,Accelerate,1
30,904,Accelerate,1
30,921,Accelerate,1
30,938,Accelerate,1
30,956,Accelerate,1
30,972,Accelerate,1
30,988,Accelerate,1
31,005,Accelerate,1
31,021,Accelerate,1
31,038,Accelerate,1
31,055,Accelerate,1
31,072,Accelerate,1
31,088,Accelerate,1
31,106,Accelerate,1
31,122,Accelerate,1
31,139,Turn Right,1
31,139,Accelerate,1
31,155,Turn Right,1
31,155,Accelerate,1
31,172,Turn Right,1
31,172,Accelerate,1
31,188,Turn Right,1
31,189,Accelerate,1
31,205,Turn Right,1
31,206,Accelerate,1
31,222,Turn Right,1
31,222,Accelerate,1
31,239,Turn Right,1
31,239,Accelerate,1
31,254,Turn Right,1
31,254,Accelerate,1
31,272,Turn Right,1
31,272,Accelerate,1
31,289,Turn Right,1
31,289,Accelerate,1
31,305,Turn Right,1
31,305,Accelerate,1
31,321,Turn Right,1
31,321,Accelerate,1
31,339,Turn Right,1
31,339,Accelerate,1
31,356,Turn Right,1
31,356,Accelerate,1
31,372,Turn Right,1
31,372,Accelerate,1
31,389,Accelerate,1
31,404,Accelerate,1
31,422,Accelerate,1
31,438,Accelerate,1
31,455,Accelerate,1
31,472,Accelerate,1
31,489,Accelerate,1
31,504,Accelerate,1
31,522,Accelerate,1
31,538,Accelerate,1
31,555,Accelerate,1
31,572,Accelerate,1
31,589,Accelerate,1
31,605,Turn Left,1
31,605,Accelerate,1
31,622,Turn Left,1
31,622,Accelerate,1
31,639,Turn Left,1
31,639,Accelerate,1
31,654,Turn Left,1
31,654,Accelerate,1
31,672,Turn Left,1
31,672,Accelerate,1
31,688,Turn Left,1
31,689,Accelerate,1
31,705,Turn Left,1
31,705,Accelerate,1
31,721,Turn Left,1
31,721,Accelerate,1
31,738,Turn Left,1
31,739,Accelerate,1
31,755,Turn Left,1
31,755,Accelerate,1
31,772,Turn Left,1
31,772,Accelerate,1
31,788,Turn Left,1
31,788,Accelerate,1
31,805,Turn Left,1
31,805,Accelerate,1
31,822,Accelerate,1
31,839,Accelerate,1
31,855,Accelerate,1
31,871,Accelerate,1
31,889,Accelerate,1
31,905,Accelerate,1
31,921,Accelerate,1
31,939,Accelerate,1
31,955,Turn Left,1
31,955,Accelerate,1
31,972,Turn Left,1
31,972,Accelerate,1
31,989,Turn Left,1
32,005,Turn Left,1
32,022,Turn Left,1
32,038,Turn Left,1
32,055,Turn Left,1
32,072,Turn Left,1
32,089,Turn Left,1
32,105,Turn Left,1
32,122,Turn Left,1
32,138,Turn Left,1
32,155,Turn Left,1
32,171,Turn Left,1
32,188,Turn Left,1
32,205,Turn Left,1
32,221,Turn Left,1
32,239,Turn Left,1
32,255,Turn Left,1
32,271,Turn Left,1
32,288,Turn Left,1
32,306,Turn Left,1
32,321,Turn Left,1
32,338,Turn Left,1
32,355,Turn Left,1
32,371,Turn Left,1
32,390,Bullet Fired,1
32,489,Bullet Fired,1
32,589,Bullet Fired,1
32,689,Bullet Fired,1
32,789,Bullet Fired,1
32,805,Enemy hit,299
32,889,Bullet Fired,1
32,991,Bullet Fired,1
33,022,Enemy hit,216
33,089,Bullet Fired,1
33,189,Bullet Fired,1
33,289,Bullet Fired,1
33,338,Turn Right,1
33,355,Turn Right,1
33,372,Turn Right,1
33,389,Bullet Fired,1
33,389,Turn Right,1
33,405,Turn Right,1
33,422,Turn Right,1
33,439,Turn Right,1
33,454,Turn Right,1
33,472,Turn Right,1
33,488,Bullet Fired,1
33,488,Turn Right,1
33,505,Turn Right,1
33,522,Turn Right,1
33,538,Turn Right,1
33,555,Turn Right,1
33,573,Turn Right,1
33,588,Bullet Fired,1
33,588,Turn Right,1
33,689,Bullet Fired,1
33,789,Bullet Fired,1
33,872,Enemy hit,266
33,872,Enemy killed,1
33,889,Bullet Fired,1
33,971,Enemy hit,266
33,989,Bullet Fired,1
34,022,Turn Right,1
34,039,Turn Right,1
34,056,Turn Right,1
34,071,Bullet Missed,1
34,072,Turn Right,1
34,087,Enemy hit,283
34,088,Bullet Fired,1
34,089,Turn Right,1
34,188,Enemy hit,283
34,190,Bullet Fired,1
34,190,Enemy killed,1
34,290,Bullet Fired,1
34,390,Bullet Fired,1
34,455,Accelerate,1
34,472,Accelerate,1
34,490,Bullet Fired,1
34,490,Accelerate,1
34,505,Accelerate,1
34,522,Accelerate,1
34,539,Accelerate,1
34,556,Accelerate,1
34,572,Accelerate,1
34,589,Accelerate,1
34,605,Accelerate,1
34,622,Accelerate,1
34,639,Accelerate,1
34,658,Accelerate,1
34,672,Accelerate,1
34,688,Accelerate,1
34,706,Bullet Fired,1
34,706,Accelerate,1
34,723,Accelerate,1
34,739,Accelerate,1
34,755,Accelerate,1
34,772,Accelerate,1
34,789,Accelerate,1
34,805,Bullet Fired,1
34,805,Accelerate,1
34,821,Accelerate,1
34,839,Accelerate,1
34,856,Accelerate,1
34,872,Accelerate,1
34,889,Accelerate,1
34,905,Bullet Fired,1
34,906,Accelerate,1
34,939,Turn Left,1
34,955,Turn Left,1
34,971,Turn Left,1
34,989,Turn Left,1
35,005,Enemy hit,183
35,006,Bullet Fired,1
35,006,Turn Left,1
35,022,Turn Left,1
35,040,Turn Left,1
35,055,Turn Left,1
35,072,Enemy hit,149
35,073,Turn Left,1
35,088,Turn Left,1
35,106,Bullet Fired,1
35,155,Enemy hit,133
35,156,Enemy killed,1
35,206,Bullet Fired,1
35,206,Turn Right,1
35,222,Turn Right,1
35,238,Turn Right,1
35,255,Turn Right,1
35,272,Turn Right,1
35,289,Turn Right,1
35,306,Bullet Fired,1
35,306,Turn Right,1
35,322,Turn Right,1
35,339,Turn Right,1
35,356,Turn Right,1
35,371,Turn Right,1
35,388,Turn Right,1
35,405,Bullet Fired,1
35,405,Turn Right,1
35,422,Turn Right,1
35,439,Turn Right,1
35,456,Turn Right,1
35,472,Turn Right,1
35,489,Turn Right,1
35,505,Bullet Fired,1
35,505,Turn Right,1
35,522,Turn Right,1
35,539,Turn Right,1
35,555,Turn Right,1
35,572,Turn Right,1
35,589,Turn Right,1
35,606,Bullet Fired,1
35,606,Turn Right,1
35,638,Enemy hit,1533
35,689,Accelerate,1
35,705,Bullet Fired,1
35,705,Accelerate,1
35,723,Accelerate,1
35,739,Enemy hit,216
35,740,Damage taken,0,024999
35,740,Accelerate,1
35,756,Damage taken,0,024999
35,756,Turn Left,1
35,756,Accelerate,1
35,772,Damage taken,0,024999
35,772,Turn Left,1
35,772,Accelerate,1
35,788,Bullet Missed,1
35,789,Damage taken,0,024999
35,789,Turn Left,1
35,789,Accelerate,1
35,805,Bullet Missed,1
35,806,Damage taken,0,024999
35,806,Bullet Fired,1
35,806,Turn Left,1
35,806,Accelerate,1
35,821,Bullet Missed,1
35,822,Damage taken,0,024999
35,822,Turn Left,1
35,822,Accelerate,1
35,839,Damage taken,0,024999
35,839,Turn Left,1
35,839,Accelerate,1
35,854,Bullet Missed,1
35,855,Damage taken,0,024999
35,855,Turn Left,1
35,855,Accelerate,1
35,872,Damage taken,0,024999
35,872,Turn Left,1
35,872,Accelerate,1
35,888,Bullet Missed,1
35,888,Damage taken,0,024999
35,888,Turn Left,1
35,888,Accelerate,1
35,906,Damage taken,0,024999
35,906,Bullet Fired,1
35,906,Turn Left,1
35,906,Accelerate,1
35,922,Bullet Missed,1
35,922,Damage taken,0,024999
35,922,Turn Left,1
35,923,Accelerate,1
35,938,Damage taken,0,024999
35,939,Accelerate,1
35,954,Bullet Missed,1
35,955,Damage taken,0,024999
35,955,Accelerate,1
35,971,Damage taken,0,024999
35,972,Accelerate,1
35,988,Damage taken,0,024999
35,988,Accelerate,1
36,005,Bullet Missed,1
36,006,Damage taken,0,024999
36,006,Bullet Fired,1
36,006,Accelerate,1
36,022,Bullet Missed,1
36,022,Damage taken,0,024999
36,022,Accelerate,1
36,039,Bullet Missed,1
36,039,Damage taken,0,024999
36,039,Accelerate,1
36,056,Damage taken,0,024999
36,056,Accelerate,1
36,072,Bullet Missed,1
36,073,Damage taken,0,024999
36,073,Accelerate,1
36,089,Damage taken,0,024999
36,089,Accelerate,1
36,104,Damage taken,0,024999
36,105,Bullet Fired,1
36,105,Accelerate,1
36,121,Bullet Missed,1
36,121,Bullet Missed,1
36,121,Damage taken,0,024999
36,122,Accelerate,1
36,138,Damage taken,0,024999
36,139,Accelerate,1
36,156,Damage taken,0,024999
36,156,Accelerate,1
36,172,Damage taken,0,024999
36,172,Accelerate,1
36,188,Bullet Missed,1
36,189,Damage taken,0,024999
36,189,Accelerate,1
36,204,Bullet Missed,1
36,205,Damage taken,0,024999
36,205,Bullet Fired,1
36,205,Accelerate,1
36,222,Bullet Missed,1
36,222,Bullet Missed,1
36,222,Damage taken,0,024999
36,222,Accelerate,1
36,239,Damage taken,0,024999
36,239,Accelerate,1
36,255,Damage taken,0,024999
36,255,Accelerate,1
36,271,Damage taken,0,024999
36,271,Accelerate,1
36,288,Damage taken,0,024999
36,289,Accelerate,1
36,305,Bullet Missed,1
36,306,Damage taken,0,024999
36,306,Bullet Fired,1
36,306,Accelerate,1
36,322,Enemy collision,1
36,322,Damage taken,0,33333334
36,322,Enemy killed,1
36,322,Bullet Missed,1
36,323,Damage taken,0,024999
36,323,Accelerate,1
36,339,Accelerate,1
36,356,Bullet Missed,1
36,356,Accelerate,1
36,371,Accelerate,1
36,388,Accelerate,1
36,405,Bullet Fired,1
36,406,Accelerate,1
36,422,Accelerate,1
36,439,Accelerate,1
36,455,Accelerate,1
36,472,Accelerate,1
36,488,Accelerate,1
36,506,Bullet Fired,1
36,506,Accelerate,1
36,521,Accelerate,1
36,538,Accelerate,1
36,555,Accelerate,1
36,572,Accelerate,1
36,589,Accelerate,1
36,605,Bullet Fired,1
36,605,Accelerate,1
36,622,Accelerate,1
36,638,Accelerate,1
36,654,Accelerate,1
36,672,Accelerate,1
36,688,Accelerate,1
36,705,Accelerate,1
36,722,Accelerate,1
36,754,Accelerate,1
36,757,Accelerate,1
36,773,Accelerate,1
36,788,Accelerate,1
36,805,Accelerate,1
36,821,Accelerate,1
36,839,Accelerate,1
36,855,Accelerate,1
36,871,Accelerate,1
36,889,Accelerate,1
36,905,Accelerate,1
36,922,Accelerate,1
36,939,Accelerate,1
36,955,Accelerate,1
36,972,Accelerate,1
36,989,Accelerate,1
37,005,Accelerate,1
37,022,Accelerate,1
37,038,Bullet Missed,1
37,040,Accelerate,1
37,055,Accelerate,1
37,071,Accelerate,1
37,089,Accelerate,1
37,104,Accelerate,1
37,122,Accelerate,1
37,138,Accelerate,1
37,154,Accelerate,1
37,172,Accelerate,1
37,187,Accelerate,1
37,204,Accelerate,1
37,222,Accelerate,1
37,238,Accelerate,1
37,255,Accelerate,1
37,272,Accelerate,1
37,288,Accelerate,1
37,305,Accelerate,1
37,322,Accelerate,1
37,339,Accelerate,1
37,355,Accelerate,1
37,372,Accelerate,1
37,389,Accelerate,1
37,405,Accelerate,1
37,421,Accelerate,1
37,437,Accelerate,1
37,454,Accelerate,1
37,472,Accelerate,1
37,488,Accelerate,1
37,505,Accelerate,1
37,520,Accelerate,1
37,538,Accelerate,1
37,555,Accelerate,1
37,572,Accelerate,1
37,588,Accelerate,1
37,605,Accelerate,1
37,621,Accelerate,1
37,638,Accelerate,1
37,656,Bullet Missed,1
37,656,Accelerate,1
37,672,Accelerate,1
37,689,Accelerate,1
37,705,Accelerate,1
37,722,Accelerate,1
37,738,Bullet Missed,1
37,740,Accelerate,1
37,754,Accelerate,1
37,772,Accelerate,1
37,788,Accelerate,1
37,805,Accelerate,1
37,822,Accelerate,1
37,838,Accelerate,1
37,855,Accelerate,1
37,872,Accelerate,1
37,887,Accelerate,1
37,904,Accelerate,1
37,921,Bullet Missed,1
37,921,Bullet Missed,1
37,921,Accelerate,1
37,938,Accelerate,1
37,955,Accelerate,1
37,971,Accelerate,1
37,988,Bullet Missed,1
37,988,Accelerate,1
38,004,Accelerate,1
38,022,Accelerate,1
38,038,Accelerate,1
38,055,Bullet Missed,1
38,055,Accelerate,1
38,071,Accelerate,1
38,088,Accelerate,1
38,105,Accelerate,1
38,122,Accelerate,1
38,139,Accelerate,1
38,154,Accelerate,1
38,172,Accelerate,1
38,188,Accelerate,1
38,205,Accelerate,1
38,222,Accelerate,1
38,239,Accelerate,1
38,255,Accelerate,1
38,272,Accelerate,1
38,288,Accelerate,1
38,305,Accelerate,1
38,321,Accelerate,1
38,338,Accelerate,1
38,355,Accelerate,1
38,372,Accelerate,1
38,389,Accelerate,1
38,404,Accelerate,1
38,422,Accelerate,1
38,438,Accelerate,1
38,455,Accelerate,1
38,471,Accelerate,1
38,488,Accelerate,1
38,504,Accelerate,1
38,522,Accelerate,1
38,539,Bullet Missed,1
38,539,Accelerate,1
38,555,Accelerate,1
38,571,Accelerate,1
38,589,Accelerate,1
38,605,Accelerate,1
38,622,Accelerate,1
38,638,Accelerate,1
38,655,Accelerate,1
38,674,Turn Left,1
38,674,Accelerate,1
38,688,Turn Left,1
38,688,Accelerate,1
38,705,Turn Left,1
38,705,Accelerate,1
38,721,Turn Left,1
38,721,Accelerate,1
38,739,Turn Left,1
38,739,Accelerate,1
38,755,Turn Left,1
38,755,Accelerate,1
38,771,Turn Left,1
38,771,Accelerate,1
38,789,Turn Left,1
38,790,Accelerate,1
38,805,Turn Left,1
38,805,Accelerate,1
38,821,Turn Left,1
38,821,Accelerate,1
38,839,Accelerate,1
38,855,Accelerate,1
38,871,Accelerate,1
38,889,Accelerate,1
38,905,Accelerate,1
38,921,Accelerate,1
38,939,Accelerate,1
38,955,Accelerate,1
38,971,Accelerate,1
38,988,Accelerate,1
39,005,Accelerate,1
39,005,Enemy killed,1
39,020,Accelerate,1
39,039,Accelerate,1
39,055,Accelerate,1
39,073,Bullet Missed,1
39,073,Turn Right,1
39,073,Accelerate,1
39,089,Turn Right,1
39,089,Accelerate,1
39,105,Turn Right,1
39,105,Accelerate,1
39,121,Turn Right,1
39,121,Accelerate,1
39,138,Turn Right,1
39,138,Accelerate,1
39,154,Turn Right,1
39,154,Accelerate,1
39,172,Turn Right,1
39,172,Accelerate,1
39,189,Turn Right,1
39,189,Accelerate,1
39,205,Turn Right,1
39,205,Accelerate,1
39,221,Turn Right,1
39,221,Accelerate,1
39,238,Turn Right,1
39,238,Accelerate,1
39,254,Turn Right,1
39,255,Accelerate,1
39,272,Turn Right,1
39,272,Accelerate,1
39,289,Turn Right,1
39,289,Accelerate,1
39,304,Turn Right,1
39,305,Accelerate,1
39,321,Turn Right,1
39,321,Accelerate,1
39,339,Accelerate,1
39,355,Accelerate,1
39,405,Turn Right,1
39,421,Turn Right,1
39,438,Turn Right,1
39,455,Turn Right,1
39,471,Turn Right,1
39,489,Turn Right,1
39,505,Turn Right,1
39,521,Turn Right,1
39,539,Turn Right,1
39,555,Turn Right,1
39,571,Turn Right,1
39,588,Turn Right,1
39,604,Turn Right,1
39,621,Turn Right,1
39,637,Turn Right,1
39,654,Turn Right,1
39,671,Turn Right,1
39,687,Turn Right,1
39,704,Turn Right,1
39,721,Turn Right,1
39,738,Turn Right,1
39,754,Turn Right,1
39,772,Turn Right,1
39,821,Bullet Missed,1
39,822,Bullet Fired,1
39,922,Bullet Fired,1
40,021,Bullet Fired,1
40,108,Turn Right,1
40,121,Bullet Fired,1
40,121,Turn Right,1
40,139,Turn Right,1
40,154,Turn Right,1
40,171,Turn Right,1
40,188,Turn Right,1
40,204,Turn Right,1
40,222,Bullet Fired,1
40,321,Bullet Fired,1
40,389,Turn Right,1
40,405,Turn Right,1
40,423,Bullet Fired,1
40,423,Turn Right,1
40,439,Turn Right,1
40,455,Turn Right,1
40,472,Turn Right,1
40,488,Turn Right,1
40,504,Turn Right,1
40,522,Bullet Fired,1
40,522,Turn Right,1
40,622,Bullet Fired,1
40,639,Enemy hit,99
40,722,Bullet Fired,1
40,821,Bullet Fired,1
40,923,Bullet Fired,1
41,022,Bullet Fired,1
41,123,Bullet Fired,1
41,139,Turn Left,1
41,154,Turn Left,1
41,172,Turn Left,1
41,188,Damage taken,1
41,188,Turn Left,1
41,205,Turn Left,1
41,220,Bullet Fired,1
41,221,Turn Left,1
41,238,Turn Left,1
41,254,Turn Left,1
41,272,Turn Left,1
41,288,Turn Left,1
41,304,Bullet Missed,1
41,305,Turn Left,1
41,322,Bullet Fired,1
41,322,Turn Left,1
41,338,Turn Left,1
41,355,Bullet Missed,1
41,355,Bullet Missed,1
41,405,Bullet Missed,1
41,423,Bullet Fired,1
41,471,Enemy hit,133
41,489,Bullet Missed,1
41,505,Enemy hit,666
41,521,Bullet Fired,1
41,539,Enemy hit,99
41,539,Enemy killed,1
41,554,Bullet Missed,1
41,554,Enemy hit,616
41,621,Bullet Fired,1
41,638,Bullet Missed,1
41,722,Bullet Fired,1
41,821,Bullet Fired,1
41,905,Turn Right,1
41,921,Bullet Fired,1
41,922,Turn Right,1
41,938,Turn Right,1
42,005,Bullet Missed,1
42,022,Bullet Fired,1
42,039,Bullet Missed,1
42,055,Turn Right,1
42,072,Turn Right,1
42,089,Turn Right,1
42,104,Turn Right,1
42,122,Bullet Missed,1
42,122,Turn Right,1
42,139,Bullet Missed,1
42,139,Turn Right,1
42,154,Turn Right,1
42,171,Bullet Missed,1
42,172,Turn Right,1
42,187,Turn Right,1
42,205,Turn Right,1
42,222,Bullet Missed,1
42,222,Turn Right,1
42,238,Turn Right,1
42,255,Turn Right,1
42,272,Turn Right,1
42,288,Turn Right,1
42,304,Bullet Missed,1
42,304,Turn Right,1
42,320,Turn Right,1
42,339,Bullet Fired,1
42,339,Turn Right,1
42,354,Turn Right,1
42,371,Bullet Missed,1
42,372,Turn Right,1
42,389,Turn Right,1
42,404,Turn Right,1
42,422,Turn Right,1
42,438,Bullet Missed,1
42,440,Bullet Fired,1
42,440,Turn Right,1
42,454,Turn Right,1
42,472,Turn Right,1
42,487,Turn Right,1
42,505,Turn Right,1
42,521,Bullet Missed,1
42,522,Turn Right,1
42,540,Bullet Fired,1
42,540,Turn Right,1
42,555,Turn Right,1
42,571,Turn Right,1
42,588,Bullet Missed,1
42,589,Turn Right,1
42,604,Turn Right,1
42,621,Turn Right,1
42,639,Bullet Fired,1
42,639,Turn Right,1
42,655,Turn Right,1
42,672,Turn Right,1
42,689,Turn Right,1
42,704,Turn Right,1
42,721,Turn Right,1
42,739,Bullet Fired,1
42,739,Turn Right,1
42,754,Turn Right,1
42,771,Turn Right,1
42,789,Turn Right,1
42,805,Turn Right,1
42,821,Turn Right,1
42,837,Bullet Fired,1
42,838,Turn Right,1
42,855,Turn Right,1
42,872,Turn Right,1
42,889,Turn Right,1
42,905,Turn Right,1
42,921,Turn Right,1
42,940,Bullet Fired,1
42,940,Turn Right,1
42,955,Turn Right,1
42,971,Turn Right,1
42,988,Turn Right,1
43,006,Turn Right,1
43,021,Turn Right,1
43,039,Bullet Fired,1
43,039,Turn Right,1
43,055,Turn Right,1
43,071,Turn Right,1
43,139,Bullet Fired,1
43,221,Accelerate,1
43,239,Bullet Fired,1
43,240,Accelerate,1
43,255,Accelerate,1
43,271,Accelerate,1
43,288,Accelerate,1
43,305,Accelerate,1
43,322,Enemy hit,566
43,322,Accelerate,1
43,340,Bullet Fired,1
43,340,Accelerate,1
43,356,Accelerate,1
43,372,Accelerate,1
43,388,Accelerate,1
43,404,Accelerate,1
43,421,Accelerate,1
43,440,Bullet Fired,1
43,440,Accelerate,1
43,454,Accelerate,1
43,471,Accelerate,1
43,489,Accelerate,1
43,505,Accelerate,1
43,522,Turn Left,1
43,522,Accelerate,1
43,538,Bullet Fired,1
43,538,Turn Left,1
43,538,Accelerate,1
43,554,Bullet Missed,1
43,554,Turn Left,1
43,554,Accelerate,1
43,571,Turn Left,1
43,571,Accelerate,1
43,589,Turn Left,1
43,589,Accelerate,1
43,605,Turn Left,1
43,605,Accelerate,1
43,621,Turn Left,1
43,621,Accelerate,1
43,638,Bullet Fired,1
43,638,Turn Left,1
43,638,Accelerate,1
43,654,Turn Left,1
43,654,Accelerate,1
43,671,Turn Left,1
43,671,Accelerate,1
43,689,Turn Left,1
43,689,Accelerate,1
43,704,Turn Left,1
43,704,Accelerate,1
43,723,Accelerate,1
43,740,Bullet Fired,1
43,740,Accelerate,1
43,755,Accelerate,1
43,771,Accelerate,1
43,789,Accelerate,1
43,805,Accelerate,1
43,821,Accelerate,1
43,839,Bullet Fired,1
43,840,Accelerate,1
43,855,Accelerate,1
43,871,Accelerate,1
43,889,Accelerate,1
43,905,Accelerate,1
43,922,Accelerate,1
43,939,Bullet Fired,1
43,939,Accelerate,1
43,955,Enemy hit,299
43,955,Accelerate,1
43,955,Enemy killed,1
43,971,Accelerate,1
43,988,Accelerate,1
44,005,Accelerate,1
44,021,Accelerate,1
44,039,Bullet Fired,1
44,039,Accelerate,1
44,055,Accelerate,1
44,071,Accelerate,1
44,087,Accelerate,1
44,104,Accelerate,1
44,139,Bullet Fired,1
44,156,Accelerate,1
44,171,Accelerate,1
44,189,Accelerate,1
44,240,Bullet Fired,1
44,290,Accelerate,1
44,304,Accelerate,1
44,322,Accelerate,1
44,339,Bullet Fired,1
44,339,Accelerate,1
44,355,Accelerate,1
44,371,Accelerate,1
44,389,Accelerate,1
44,405,Turn Right,1
44,405,Accelerate,1
44,421,Turn Right,1
44,421,Accelerate,1
44,440,Bullet Fired,1
44,440,Turn Right,1
44,440,Accelerate,1
44,455,Turn Right,1
44,455,Accelerate,1
44,473,Turn Right,1
44,473,Accelerate,1
44,490,Accelerate,1
44,505,Accelerate,1
44,522,Accelerate,1
44,540,Bullet Fired,1
44,540,Accelerate,1
44,554,Accelerate,1
44,572,Accelerate,1
44,589,Accelerate,1
44,605,Accelerate,1
44,621,Accelerate,1
44,640,Bullet Fired,1
44,640,Accelerate,1
44,655,Accelerate,1
44,671,Accelerate,1
44,689,Accelerate,1
44,706,Accelerate,1
44,721,Accelerate,1
44,738,Accelerate,1
44,755,Accelerate,1
44,770,Bullet Missed,1
44,771,Accelerate,1
44,789,Accelerate,1
44,805,Accelerate,1
44,821,Accelerate,1
44,838,Accelerate,1
44,855,Accelerate,1
44,871,Accelerate,1
44,887,Accelerate,1
44,905,Accelerate,1
44,921,Accelerate,1
44,939,Accelerate,1
44,955,Accelerate,1
44,971,Accelerate,1
44,989,Accelerate,1
45,005,Accelerate,1
45,021,Accelerate,1
45,038,Accelerate,1
45,054,Accelerate,1
45,072,Accelerate,1
45,089,Accelerate,1
45,105,Bullet Missed,1
45,106,Accelerate,1
45,121,Accelerate,1
45,139,Turn Left,1
45,139,Accelerate,1
45,155,Turn Left,1
45,155,Accelerate,1
45,172,Turn Left,1
45,172,Accelerate,1
45,188,Turn Left,1
45,204,Turn Left,1
45,221,Turn Left,1
45,239,Turn Left,1
45,255,Turn Left,1
45,271,Turn Left,1
45,289,Turn Left,1
45,305,Turn Left,1
45,322,Turn Left,1
45,338,Bullet Missed,1
45,339,Turn Left,1
45,355,Turn Left,1
45,371,Turn Left,1
45,389,Turn Left,1
45,405,Turn Left,1
45,421,Turn Left,1
45,439,Turn Left,1
45,455,Turn Left,1
45,471,Turn Left,1
45,488,Turn Left,1
45,505,Turn Left,1
45,521,Turn Left,1
45,539,Turn Left,1
45,554,Turn Left,1
45,571,Turn Left,1
45,588,Turn Left,1
45,604,Bullet Missed,1
45,604,Turn Left,1
45,622,Turn Left,1
45,639,Bullet Missed,1
45,639,Turn Left,1
45,654,Bullet Missed,1
45,655,Turn Left,1
45,671,Bullet Missed,1
45,671,Turn Left,1
45,687,Bullet Missed,1
45,688,Bullet Fired,1
45,688,Turn Left,1
45,705,Turn Left,1
45,721,Bullet Missed,1
45,722,Turn Left,1
45,737,Turn Left,1
45,771,Bullet Missed,1
45,771,Bullet Missed,1
45,789,Bullet Fired,1
45,821,Bullet Missed,1
45,837,Bullet Missed,1
45,889,Bullet Fired,1
45,905,Turn Right,1
45,923,Turn Right,1
45,938,Bullet Missed,1
45,939,Turn Right,1
45,954,Turn Right,1
45,971,Turn Right,1
45,989,Bullet Fired,1
45,989,Turn Right,1
46,005,Bullet Missed,1
46,005,Turn Right,1
46,021,Turn Right,1
46,038,Turn Right,1
46,054,Turn Right,1
46,072,Turn Right,1
46,088,Bullet Fired,1
46,088,Turn Right,1
46,105,Turn Right,1
46,121,Turn Right,1
46,139,Turn Right,1
46,154,Turn Right,1
46,172,Turn Right,1
46,189,Bullet Fired,1
46,189,Turn Right,1
46,287,Bullet Missed,1
46,288,Bullet Fired,1
46,374,Turn Left,1
46,388,Bullet Missed,1
46,389,Bullet Fired,1
46,389,Turn Left,1
46,405,Turn Left,1
46,421,Turn Left,1
46,438,Turn Left,1
46,455,Turn Left,1
46,472,Turn Left,1
46,489,Bullet Fired,1
46,489,Turn Left,1
46,504,Turn Left,1
46,521,Turn Left,1
46,540,Turn Left,1
46,555,Turn Left,1
46,571,Enemy hit,266
46,572,Turn Left,1
46,587,Enemy hit,883
46,588,Bullet Fired,1
46,588,Turn Left,1
46,605,Bullet Missed,1
46,605,Turn Left,1
46,621,Bullet Missed,1
46,622,Turn Left,1
46,639,Turn Left,1
46,654,Enemy hit,49
46,655,Turn Left,1
46,655,Enemy killed,1
46,672,Bullet Missed,1
46,688,Bullet Fired,1
46,788,Bullet Missed,1
46,790,Bullet Fired,1
46,804,Bullet Missed,1
46,854,Enemy killed,1
46,888,Bullet Fired,1
46,921,Turn Right,1
46,937,Turn Right,1
46,955,Turn Right,1
46,970,Turn Right,1
46,988,Bullet Fired,1
46,988,Turn Right,1
47,004,Bullet Missed,1
47,005,Turn Right,1
47,021,Bullet Missed,1
47,021,Turn Right,1
47,037,Bullet Missed,1
47,038,Turn Right,1
47,055,Turn Right,1
47,071,Turn Right,1
47,088,Bullet Fired,1
47,088,Turn Right,1
47,104,Turn Right,1
47,121,Turn Right,1
47,137,Turn Right,1
47,155,Turn Right,1
47,171,Turn Right,1
47,189,Bullet Fired,1
47,189,Turn Right,1
47,204,Turn Right,1
47,221,Turn Right,1
47,237,Bullet Missed,1
47,238,Turn Right,1
47,255,Turn Right,1
47,271,Turn Right,1
47,288,Bullet Missed,1
47,289,Bullet Fired,1
47,289,Turn Right,1
47,304,Turn Right,1
47,321,Turn Right,1
47,338,Turn Right,1
47,355,Bullet Missed,1
47,355,Bullet Missed,1
47,356,Turn Right,1
47,371,Turn Right,1
47,388,Bullet Fired,1
47,388,Turn Right,1
47,404,Turn Right,1
47,421,Turn Right,1
47,439,Bullet Missed,1
47,440,Turn Right,1
47,455,Bullet Missed,1
47,455,Turn Right,1
47,470,Turn Right,1
47,490,Bullet Fired,1
47,490,Turn Right,1
47,505,Turn Right,1
47,523,Turn Right,1
47,538,Turn Right,1
47,555,Bullet Missed,1
47,555,Turn Right,1
47,571,Turn Right,1
47,590,Bullet Fired,1
47,590,Turn Right,1
47,605,Turn Right,1
47,621,Turn Right,1
47,637,Turn Right,1
47,654,Bullet Missed,1
47,655,Turn Right,1
47,671,Turn Right,1
47,688,Bullet Fired,1
47,688,Turn Right,1
47,705,Turn Right,1
47,722,Bullet Missed,1
47,738,Turn Left,1
47,755,Turn Left,1
47,771,Turn Left,1
47,789,Turn Left,1
47,804,Turn Left,1
47,821,Turn Left,1
47,838,Turn Left,1
47,838,Accelerate,1
47,855,Enemy hit,449
47,855,Turn Left,1
47,855,Accelerate,1
47,871,Turn Left,1
47,871,Accelerate,1
47,887,Turn Left,1
47,887,Accelerate,1
47,903,Turn Left,1
47,904,Accelerate,1
47,922,Turn Left,1
47,922,Accelerate,1
47,937,Turn Left,1
47,937,Accelerate,1
47,955,Turn Left,1
47,955,Accelerate,1
47,971,Turn Left,1
47,971,Accelerate,1
47,987,Bullet Missed,1
47,988,Turn Left,1
47,988,Accelerate,1
48,005,Turn Left,1
48,005,Accelerate,1
48,020,Turn Left,1
48,020,Accelerate,1
48,038,Turn Left,1
48,038,Accelerate,1
48,054,Turn Left,1
48,054,Accelerate,1
48,071,Accelerate,1
48,087,Accelerate,1
48,104,Accelerate,1
48,121,Accelerate,1
48,139,Accelerate,1
48,155,Accelerate,1
48,171,Accelerate,1
48,187,Accelerate,1
48,204,Accelerate,1
48,221,Turn Right,1
48,221,Accelerate,1
48,239,Turn Right,1
48,239,Accelerate,1
48,254,Enemy hit,749
48,255,Turn Right,1
48,255,Accelerate,1
48,271,Turn Right,1
48,271,Accelerate,1
48,289,Turn Right,1
48,289,Accelerate,1
48,304,Turn Right,1
48,304,Accelerate,1
48,321,Turn Right,1
48,322,Accelerate,1
48,337,Turn Right,1
48,337,Accelerate,1
48,354,Turn Right,1
48,354,Accelerate,1
48,370,Turn Right,1
48,371,Accelerate,1
48,387,Turn Right,1
48,387,Accelerate,1
48,404,Turn Right,1
48,405,Accelerate,1
48,421,Turn Right,1
48,421,Accelerate,1
48,437,Turn Right,1
48,437,Accelerate,1
48,455,Turn Right,1
48,455,Accelerate,1
48,471,Turn Right,1
48,471,Accelerate,1
48,487,Turn Right,1
48,487,Accelerate,1
48,503,Turn Right,1
48,503,Accelerate,1
48,521,Accelerate,1
48,537,Accelerate,1
48,554,Accelerate,1
48,570,Accelerate,1
48,588,Accelerate,1
48,604,Accelerate,1
48,621,Accelerate,1
48,639,Accelerate,1
48,655,Accelerate,1
48,671,Accelerate,1
48,689,Accelerate,1
48,703,Accelerate,1
48,721,Accelerate,1
48,739,Accelerate,1
48,754,Accelerate,1
48,771,Accelerate,1
48,789,Accelerate,1
48,804,Accelerate,1
48,820,Accelerate,1
48,840,Accelerate,1
48,854,Accelerate,1
48,874,Enemy collision,1
48,874,Damage taken,0,33333334
48,874,Enemy killed,1
48,875,Turn Right,1
48,875,Accelerate,1
48,887,Turn Right,1
48,887,Accelerate,1
48,904,Turn Right,1
48,911,Accelerate,1
48,921,Turn Right,1
48,921,Accelerate,1
48,937,Turn Right,1
48,937,Accelerate,1
48,954,Turn Right,1
48,954,Accelerate,1
48,972,Turn Right,1
48,972,Accelerate,1
48,987,Turn Right,1
48,987,Accelerate,1
49,004,Turn Right,1
49,004,Accelerate,1
49,021,Turn Right,1
49,021,Accelerate,1
49,038,Accelerate,1
49,055,Accelerate,1
49,071,Accelerate,1
49,087,Accelerate,1
49,105,Accelerate,1
49,121,Accelerate,1
49,138,Accelerate,1
49,154,Accelerate,1
49,171,Accelerate,1
49,189,Accelerate,1
49,205,Accelerate,1
49,220,Accelerate,1
49,238,Accelerate,1
49,254,Accelerate,1
49,271,Turn Left,1
49,271,Accelerate,1
49,287,Turn Left,1
49,287,Accelerate,1
49,305,Turn Left,1
49,305,Accelerate,1
49,321,Turn Left,1
49,321,Accelerate,1
49,337,Turn Left,1
49,337,Accelerate,1
49,354,Turn Left,1
49,354,Accelerate,1
49,374,Turn Left,1
49,374,Accelerate,1
49,387,Turn Left,1
49,387,Accelerate,1
49,404,Turn Left,1
49,404,Accelerate,1
49,422,Turn Left,1
49,422,Accelerate,1
49,438,Turn Left,1
49,438,Accelerate,1
49,454,Turn Left,1
49,454,Accelerate,1
49,471,Turn Left,1
49,471,Accelerate,1
49,489,Turn Left,1
49,489,Accelerate,1
49,504,Turn Left,1
49,504,Accelerate,1
49,521,Turn Left,1
49,521,Accelerate,1
49,538,Accelerate,1
49,554,Accelerate,1
49,571,Accelerate,1
49,587,Accelerate,1
49,604,Accelerate,1
49,621,Accelerate,1
49,639,Turn Right,1
49,639,Accelerate,1
49,654,Turn Right,1
49,654,Accelerate,1
49,671,Turn Right,1
49,671,Accelerate,1
49,690,Accelerate,1
49,703,Accelerate,1
49,722,Accelerate,1
49,738,Accelerate,1
50,238,Turn Right,1
50,254,Turn Right,1
50,272,Turn Right,1
50,287,Turn Right,1
50,304,Turn Right,1
50,305,Accelerate,1
50,321,Turn Right,1
50,321,Accelerate,1
50,338,Turn Right,1
50,338,Accelerate,1
50,354,Turn Right,1
50,354,Accelerate,1
50,370,Turn Right,1
50,371,Accelerate,1
50,388,Turn Right,1
50,388,Accelerate,1
50,404,Turn Right,1
50,404,Accelerate,1
50,420,Turn Right,1
50,421,Accelerate,1
50,437,Accelerate,1
50,457,Accelerate,1
50,471,Accelerate,1
50,489,Accelerate,1
50,505,Accelerate,1
50,521,Accelerate,1
50,538,Accelerate,1
50,554,Accelerate,1
50,571,Accelerate,1
50,589,Accelerate,1
50,604,Accelerate,1
50,621,Accelerate,1
50,637,Accelerate,1
50,654,Accelerate,1
50,670,Accelerate,1
50,689,Accelerate,1
50,704,Accelerate,1
50,721,Accelerate,1
50,738,Accelerate,1
50,754,Accelerate,1
50,772,Accelerate,1
50,787,Accelerate,1
50,804,Accelerate,1
50,821,Accelerate,1
50,838,Accelerate,1
50,854,Accelerate,1
50,871,Accelerate,1
50,889,Accelerate,1
50,907,Accelerate,1
50,921,Accelerate,1
50,939,Bullet Missed,1
50,940,Accelerate,1
50,954,Accelerate,1
50,971,Accelerate,1
50,988,Accelerate,1
51,004,Accelerate,1
51,020,Accelerate,1
51,038,Accelerate,1
51,054,Accelerate,1
51,071,Accelerate,1
51,089,Accelerate,1
51,104,Accelerate,1
51,121,Accelerate,1
51,137,Accelerate,1
51,155,Accelerate,1
51,171,Accelerate,1
51,187,Accelerate,1
51,205,Accelerate,1
51,221,Accelerate,1
51,239,Accelerate,1
51,254,Accelerate,1
51,271,Accelerate,1
51,287,Accelerate,1
51,304,Accelerate,1
51,322,Accelerate,1
51,337,Accelerate,1
51,356,Accelerate,1
51,371,Accelerate,1
51,388,Accelerate,1
51,404,Accelerate,1
51,421,Accelerate,1
51,437,Accelerate,1
51,455,Accelerate,1
51,471,Accelerate,1
51,488,Accelerate,1
51,505,Turn Left,1
51,505,Accelerate,1
51,521,Turn Left,1
51,521,Accelerate,1
51,539,Turn Left,1
51,539,Accelerate,1
51,555,Turn Left,1
51,555,Accelerate,1
51,572,Turn Left,1
51,572,Accelerate,1
51,587,Turn Left,1
51,587,Accelerate,1
51,604,Turn Left,1
51,604,Accelerate,1
51,621,Turn Left,1
51,629,Accelerate,1
51,638,Turn Left,1
51,639,Accelerate,1
51,655,Turn Left,1
51,655,Accelerate,1
51,672,Turn Left,1
51,672,Accelerate,1
51,687,Turn Left,1
51,688,Accelerate,1
51,704,Turn Left,1
51,704,Accelerate,1
51,721,Turn Left,1
51,721,Accelerate,1
51,739,Turn Left,1
51,754,Turn Left,1
51,771,Turn Left,1
51,787,Turn Left,1
51,805,Turn Left,1
51,821,Turn Left,1
51,837,Turn Left,1
51,854,Turn Left,1
51,871,Turn Left,1
51,889,Turn Left,1
51,904,Turn Left,1
51,921,Turn Left,1
51,938,Turn Left,1
51,955,Turn Left,1
51,970,Turn Left,1
51,987,Turn Left,1
52,004,Turn Left,1
52,022,Turn Left,1
52,038,Turn Left,1
52,055,Bullet Fired,1
52,055,Turn Left,1
52,071,Turn Left,1
52,087,Turn Left,1
52,104,Turn Left,1
52,154,Bullet Fired,1
52,204,Bullet Missed,1
52,255,Bullet Fired,1
52,322,Turn Right,1
52,337,Turn Right,1
52,355,Bullet Fired,1
52,355,Turn Right,1
52,371,Enemy hit,199
52,371,Turn Right,1
52,387,Turn Right,1
52,404,Turn Right,1
52,421,Turn Right,1
52,437,Turn Right,1
52,455,Bullet Fired,1
52,455,Turn Right,1
52,504,Enemy hit,133
52,555,Bullet Fired,1
52,605,Damage taken,1
52,654,Enemy collision,1
52,654,Damage taken,0,6666667
52,654,Enemy killed,1
52,655,Bullet Fired,1
52,721,Enemy hit,49
52,722,Enemy killed,1
52,755,Bullet Fired,1
52,771,Enemy hit,199
52,856,Bullet Fired,1
52,955,Bullet Fired,1
53,055,Bullet Fired,1
53,087,Enemy collision,1
53,087,Damage taken,0,6666667
53,087,Enemy killed,1
53,088,Enemy hit,16
53,154,Bullet Fired,1
53,255,Bullet Fired,1
53,305,Damage taken,1
53,355,Bullet Fired,1
53,455,Bullet Fired,1
53,504,Enemy collision,1
53,504,Damage taken,1
53,504,Enemy killed,1
53,505,Time alive,53428
